warning: unused import: `NodeContent`
 --> crates\render-engine\src\backend\wgpu_backend.rs:4:20
  |
4 | use crate::{Color, NodeContent, RendererError, Scene};
  |                    ^^^^^^^^^^^
  |
  = note: `#[warn(unused_imports)]` (part of `#[warn(unused)]`) on by default

warning: use of deprecated type alias `wgpu::ImageCopyTexture`: This has been renamed to `TexelCopyTextureInfo`, and will be removed in 25.0.0.
   --> crates\render-engine\src\backend\wgpu_backend.rs:642:27
    |
642 |                     wgpu::ImageCopyTexture {
    |                           ^^^^^^^^^^^^^^^^
    |
    = note: `#[warn(deprecated)]` on by default

warning: use of deprecated type alias `wgpu::ImageDataLayout`: This has been renamed to `TexelCopyBufferLayout`, and will be removed in 25.0.0.
   --> crates\render-engine\src\backend\wgpu_backend.rs:649:27
    |
649 |                     wgpu::ImageDataLayout {
    |                           ^^^^^^^^^^^^^^^

warning: `render-engine` (lib) generated 3 warnings (run `cargo fix --lib -p render-engine` to apply 1 suggestion)
    Finished `dev` profile [unoptimized + debuginfo] target(s) in 0.39s
     Running `target\debug\examples\form_gui.exe`
[2m2026-01-19T23:45:36.794182Z[0m [32m INFO[0m [1mnew[0m[2m:[0m[1mwgpu_backend_init[0m[2m:[0m [2mrender_engine::backend::wgpu_backend[0m[2m:[0m Creating wgpu instance
[2m2026-01-19T23:45:36.905687Z[0m [33m WARN[0m [1mnew[0m[2m:[0m[1mwgpu_backend_init[0m[2m:[0m [2mwgpu_hal::vulkan::instance[0m[2m:[0m InstanceFlags::VALIDATION requested, but unable to find layer: VK_LAYER_KHRONOS_validation
[2m2026-01-19T23:45:36.905842Z[0m [32m INFO[0m [1mnew[0m[2m:[0m[1mwgpu_backend_init[0m[2m:[0m [2mwgpu_hal::vulkan::instance[0m[2m:[0m GENERAL [Loader Message (0x0)]
	No valid vk_loader_settings.json file found, no loader settings will be active
[2m2026-01-19T23:45:36.905908Z[0m [32m INFO[0m [1mnew[0m[2m:[0m[1mwgpu_backend_init[0m[2m:[0m [2mwgpu_hal::vulkan::instance[0m[2m:[0m 	objects: (type: INSTANCE, hndl: 0x185085545a0, name: ?)
[2m2026-01-19T23:45:36.906126Z[0m [32m INFO[0m [1mnew[0m[2m:[0m[1mwgpu_backend_init[0m[2m:[0m [2mwgpu_hal::vulkan::instance[0m[2m:[0m GENERAL [Loader Message (0x0)]
	Searching for implicit layer manifest files
[2m2026-01-19T23:45:36.906137Z[0m [32m INFO[0m [1mnew[0m[2m:[0m[1mwgpu_backend_init[0m[2m:[0m [2mwgpu_hal::vulkan::instance[0m[2m:[0m 	objects: (type: INSTANCE, hndl: 0x185085545a0, name: ?)
[2m2026-01-19T23:45:36.906144Z[0m [32m INFO[0m [1mnew[0m[2m:[0m[1mwgpu_backend_init[0m[2m:[0m [2mwgpu_hal::vulkan::instance[0m[2m:[0m GENERAL [Loader Message (0x0)]
	   In following locations:
[2m2026-01-19T23:45:36.906151Z[0m [32m INFO[0m [1mnew[0m[2m:[0m[1mwgpu_backend_init[0m[2m:[0m [2mwgpu_hal::vulkan::instance[0m[2m:[0m 	objects: (type: INSTANCE, hndl: 0x185085545a0, name: ?)
[2m2026-01-19T23:45:36.906158Z[0m [32m INFO[0m [1mnew[0m[2m:[0m[1mwgpu_backend_init[0m[2m:[0m [2mwgpu_hal::vulkan::instance[0m[2m:[0m GENERAL [Loader Message (0x0)]
	      C:\Program Files\WindowsApps\Microsoft.D3DMappingLayers_1.2601.1.0_x64__8wekyb3d8bbwe
[2m2026-01-19T23:45:36.906166Z[0m [32m INFO[0m [1mnew[0m[2m:[0m[1mwgpu_backend_init[0m[2m:[0m [2mwgpu_hal::vulkan::instance[0m[2m:[0m 	objects: (type: INSTANCE, hndl: 0x185085545a0, name: ?)
[2m2026-01-19T23:45:36.906550Z[0m [32m INFO[0m [1mnew[0m[2m:[0m[1mwgpu_backend_init[0m[2m:[0m [2mwgpu_hal::vulkan::instance[0m[2m:[0m GENERAL [Loader Message (0x0)]
	   Found the following files:
[2m2026-01-19T23:45:36.906566Z[0m [32m INFO[0m [1mnew[0m[2m:[0m[1mwgpu_backend_init[0m[2m:[0m [2mwgpu_hal::vulkan::instance[0m[2m:[0m 	objects: (type: INSTANCE, hndl: 0x185085545a0, name: ?)
[2m2026-01-19T23:45:36.906574Z[0m [32m INFO[0m [1mnew[0m[2m:[0m[1mwgpu_backend_init[0m[2m:[0m [2mwgpu_hal::vulkan::instance[0m[2m:[0m GENERAL [Loader Message (0x0)]
	      C:\Program Files\WindowsApps\Microsoft.D3DMappingLayers_1.2601.1.0_x64__8wekyb3d8bbwe\dzn_icd.x64.json
[2m2026-01-19T23:45:36.906583Z[0m [32m INFO[0m [1mnew[0m[2m:[0m[1mwgpu_backend_init[0m[2m:[0m [2mwgpu_hal::vulkan::instance[0m[2m:[0m 	objects: (type: INSTANCE, hndl: 0x185085545a0, name: ?)
[2m2026-01-19T23:45:36.906589Z[0m [32m INFO[0m [1mnew[0m[2m:[0m[1mwgpu_backend_init[0m[2m:[0m [2mwgpu_hal::vulkan::instance[0m[2m:[0m GENERAL [Loader Message (0x0)]
	      C:\Program Files\WindowsApps\Microsoft.D3DMappingLayers_1.2601.1.0_x64__8wekyb3d8bbwe\dzn_icd.x86.json
[2m2026-01-19T23:45:36.906597Z[0m [32m INFO[0m [1mnew[0m[2m:[0m[1mwgpu_backend_init[0m[2m:[0m [2mwgpu_hal::vulkan::instance[0m[2m:[0m 	objects: (type: INSTANCE, hndl: 0x185085545a0, name: ?)
[2m2026-01-19T23:45:36.906604Z[0m [32m INFO[0m [1mnew[0m[2m:[0m[1mwgpu_backend_init[0m[2m:[0m [2mwgpu_hal::vulkan::instance[0m[2m:[0m GENERAL [Loader Message (0x0)]
	Checking for Layer Manifest files in Registry at HKEY_LOCAL_MACHINE\SOFTWARE\Khronos\Vulkan\ImplicitLayers
[2m2026-01-19T23:45:36.906612Z[0m [32m INFO[0m [1mnew[0m[2m:[0m[1mwgpu_backend_init[0m[2m:[0m [2mwgpu_hal::vulkan::instance[0m[2m:[0m 	objects: (type: INSTANCE, hndl: 0x185085545a0, name: ?)
[2m2026-01-19T23:45:36.906696Z[0m [32m INFO[0m [1mnew[0m[2m:[0m[1mwgpu_backend_init[0m[2m:[0m [2mwgpu_hal::vulkan::instance[0m[2m:[0m GENERAL [Loader Message (0x0)]
	windows_add_json_entry: Located json file "C:\WINDOWS\System32\DriverStore\FileRepository\nvmii.inf_amd64_e9fa27eaab64efe4\nv-vk64.json" from PnP registry: E
[2m2026-01-19T23:45:36.906709Z[0m [32m INFO[0m [1mnew[0m[2m:[0m[1mwgpu_backend_init[0m[2m:[0m [2mwgpu_hal::vulkan::instance[0m[2m:[0m 	objects: (type: INSTANCE, hndl: 0x185085545a0, name: ?)
[2m2026-01-19T23:45:36.906753Z[0m [32m INFO[0m [1mnew[0m[2m:[0m[1mwgpu_backend_init[0m[2m:[0m [2mwgpu_hal::vulkan::instance[0m[2m:[0m GENERAL [Loader Message (0x0)]
	Located json file "C:\ProgramData\GOG.com\Galaxy\redists\overlay\injected\galaxy_overlay_vklayer_x64.json" from registry "HKEY_LOCAL_MACHINE\SOFTWARE\Khronos\Vulkan\ImplicitLayers"
[2m2026-01-19T23:45:36.906764Z[0m [32m INFO[0m [1mnew[0m[2m:[0m[1mwgpu_backend_init[0m[2m:[0m [2mwgpu_hal::vulkan::instance[0m[2m:[0m 	objects: (type: INSTANCE, hndl: 0x185085545a0, name: ?)
[2m2026-01-19T23:45:36.906775Z[0m [32m INFO[0m [1mnew[0m[2m:[0m[1mwgpu_backend_init[0m[2m:[0m [2mwgpu_hal::vulkan::instance[0m[2m:[0m GENERAL [Loader Message (0x0)]
	Located json file "C:\Program Files (x86)\Steam\SteamOverlayVulkanLayer64.json" from registry "HKEY_LOCAL_MACHINE\SOFTWARE\Khronos\Vulkan\ImplicitLayers"
[2m2026-01-19T23:45:36.906785Z[0m [32m INFO[0m [1mnew[0m[2m:[0m[1mwgpu_backend_init[0m[2m:[0m [2mwgpu_hal::vulkan::instance[0m[2m:[0m 	objects: (type: INSTANCE, hndl: 0x185085545a0, name: ?)
[2m2026-01-19T23:45:36.906795Z[0m [32m INFO[0m [1mnew[0m[2m:[0m[1mwgpu_backend_init[0m[2m:[0m [2mwgpu_hal::vulkan::instance[0m[2m:[0m GENERAL [Loader Message (0x0)]
	Located json file "C:\Program Files (x86)\Steam\SteamFossilizeVulkanLayer64.json" from registry "HKEY_LOCAL_MACHINE\SOFTWARE\Khronos\Vulkan\ImplicitLayers"
[2m2026-01-19T23:45:36.906805Z[0m [32m INFO[0m [1mnew[0m[2m:[0m[1mwgpu_backend_init[0m[2m:[0m [2mwgpu_hal::vulkan::instance[0m[2m:[0m 	objects: (type: INSTANCE, hndl: 0x185085545a0, name: ?)
[2m2026-01-19T23:45:36.906815Z[0m [32m INFO[0m [1mnew[0m[2m:[0m[1mwgpu_backend_init[0m[2m:[0m [2mwgpu_hal::vulkan::instance[0m[2m:[0m GENERAL [Loader Message (0x0)]
	Located json file "C:\Program Files\RenderDoc\renderdoc.json" from registry "HKEY_LOCAL_MACHINE\SOFTWARE\Khronos\Vulkan\ImplicitLayers"
[2m2026-01-19T23:45:36.906825Z[0m [32m INFO[0m [1mnew[0m[2m:[0m[1mwgpu_backend_init[0m[2m:[0m [2mwgpu_hal::vulkan::instance[0m[2m:[0m 	objects: (type: INSTANCE, hndl: 0x185085545a0, name: ?)
[2m2026-01-19T23:45:36.906841Z[0m [32m INFO[0m [1mnew[0m[2m:[0m[1mwgpu_backend_init[0m[2m:[0m [2mwgpu_hal::vulkan::instance[0m[2m:[0m GENERAL [Loader Message (0x0)]
	Located json file "C:\ProgramData\obs-studio-hook\obs-vulkan64.json" from registry "HKEY_CURRENT_USER\SOFTWARE\Khronos\Vulkan\ImplicitLayers"
[2m2026-01-19T23:45:36.906852Z[0m [32m INFO[0m [1mnew[0m[2m:[0m[1mwgpu_backend_init[0m[2m:[0m [2mwgpu_hal::vulkan::instance[0m[2m:[0m 	objects: (type: INSTANCE, hndl: 0x185085545a0, name: ?)
[2m2026-01-19T23:45:36.906862Z[0m [32m INFO[0m [1mnew[0m[2m:[0m[1mwgpu_backend_init[0m[2m:[0m [2mwgpu_hal::vulkan::instance[0m[2m:[0m GENERAL [Loader Message (0x0)]
	Located json file "C:\ProgramData\obs-studio-hook\obs-vulkan32.json" from registry "HKEY_CURRENT_USER\SOFTWARE\Khronos\Vulkan\ImplicitLayers"
[2m2026-01-19T23:45:36.906872Z[0m [32m INFO[0m [1mnew[0m[2m:[0m[1mwgpu_backend_init[0m[2m:[0m [2mwgpu_hal::vulkan::instance[0m[2m:[0m 	objects: (type: INSTANCE, hndl: 0x185085545a0, name: ?)
[2m2026-01-19T23:45:36.906882Z[0m [32m INFO[0m [1mnew[0m[2m:[0m[1mwgpu_backend_init[0m[2m:[0m [2mwgpu_hal::vulkan::instance[0m[2m:[0m GENERAL [Loader Message (0x0)]
	Located json file "C:\Program Files (x86)\Epic Games\Launcher\Portal\Extras\Overlay\EOSOverlayVkLayer-Win32.json" from registry "HKEY_CURRENT_USER\SOFTWARE\Khronos\Vulkan\ImplicitLayers"
[2m2026-01-19T23:45:36.906893Z[0m [32m INFO[0m [1mnew[0m[2m:[0m[1mwgpu_backend_init[0m[2m:[0m [2mwgpu_hal::vulkan::instance[0m[2m:[0m 	objects: (type: INSTANCE, hndl: 0x185085545a0, name: ?)
[2m2026-01-19T23:45:36.906903Z[0m [32m INFO[0m [1mnew[0m[2m:[0m[1mwgpu_backend_init[0m[2m:[0m [2mwgpu_hal::vulkan::instance[0m[2m:[0m GENERAL [Loader Message (0x0)]
	Located json file "C:\Program Files (x86)\Epic Games\Launcher\Portal\Extras\Overlay\EOSOverlayVkLayer-Win64.json" from registry "HKEY_CURRENT_USER\SOFTWARE\Khronos\Vulkan\ImplicitLayers"
[2m2026-01-19T23:45:36.906913Z[0m [32m INFO[0m [1mnew[0m[2m:[0m[1mwgpu_backend_init[0m[2m:[0m [2mwgpu_hal::vulkan::instance[0m[2m:[0m 	objects: (type: INSTANCE, hndl: 0x185085545a0, name: ?)
[2m2026-01-19T23:45:36.906974Z[0m [32m INFO[0m [1mnew[0m[2m:[0m[1mwgpu_backend_init[0m[2m:[0m [2mwgpu_hal::vulkan::instance[0m[2m:[0m GENERAL [Loader Message (0x0)]
	Found manifest file C:\Program Files\WindowsApps\Microsoft.D3DMappingLayers_1.2601.1.0_x64__8wekyb3d8bbwe\dzn_icd.x64.json (file version 1.0.1)
[2m2026-01-19T23:45:36.906986Z[0m [32m INFO[0m [1mnew[0m[2m:[0m[1mwgpu_backend_init[0m[2m:[0m [2mwgpu_hal::vulkan::instance[0m[2m:[0m 	objects: (type: INSTANCE, hndl: 0x185085545a0, name: ?)
[2m2026-01-19T23:45:36.907030Z[0m [32m INFO[0m [1mnew[0m[2m:[0m[1mwgpu_backend_init[0m[2m:[0m [2mwgpu_hal::vulkan::instance[0m[2m:[0m GENERAL [Loader Message (0x0)]
	Found manifest file C:\Program Files\WindowsApps\Microsoft.D3DMappingLayers_1.2601.1.0_x64__8wekyb3d8bbwe\dzn_icd.x86.json (file version 1.0.1)
[2m2026-01-19T23:45:36.907042Z[0m [32m INFO[0m [1mnew[0m[2m:[0m[1mwgpu_backend_init[0m[2m:[0m [2mwgpu_hal::vulkan::instance[0m[2m:[0m 	objects: (type: INSTANCE, hndl: 0x185085545a0, name: ?)
[2m2026-01-19T23:45:36.907084Z[0m [32m INFO[0m [1mnew[0m[2m:[0m[1mwgpu_backend_init[0m[2m:[0m [2mwgpu_hal::vulkan::instance[0m[2m:[0m GENERAL [Loader Message (0x0)]
	Found manifest file C:\WINDOWS\System32\DriverStore\FileRepository\nvmii.inf_amd64_e9fa27eaab64efe4\nv-vk64.json (file version 1.0.1)
[2m2026-01-19T23:45:36.907096Z[0m [32m INFO[0m [1mnew[0m[2m:[0m[1mwgpu_backend_init[0m[2m:[0m [2mwgpu_hal::vulkan::instance[0m[2m:[0m 	objects: (type: INSTANCE, hndl: 0x185085545a0, name: ?)
[2m2026-01-19T23:45:36.907148Z[0m [32m INFO[0m [1mnew[0m[2m:[0m[1mwgpu_backend_init[0m[2m:[0m [2mwgpu_hal::vulkan::instance[0m[2m:[0m GENERAL [Loader Message (0x0)]
	Found manifest file C:\ProgramData\GOG.com\Galaxy\redists\overlay\injected\galaxy_overlay_vklayer_x64.json (file version 1.0.1)
[2m2026-01-19T23:45:36.907161Z[0m [32m INFO[0m [1mnew[0m[2m:[0m[1mwgpu_backend_init[0m[2m:[0m [2mwgpu_hal::vulkan::instance[0m[2m:[0m 	objects: (type: INSTANCE, hndl: 0x185085545a0, name: ?)
[2m2026-01-19T23:45:36.907169Z[0m [33m WARN[0m [1mnew[0m[2m:[0m[1mwgpu_backend_init[0m[2m:[0m [2mwgpu_hal::vulkan::instance[0m[2m:[0m GENERAL [Loader Message (0x0)]
	Layer name GalaxyOverlayVkLayer does not conform to naming standard (Policy #LLP_LAYER_3)
[2m2026-01-19T23:45:36.907177Z[0m [33m WARN[0m [1mnew[0m[2m:[0m[1mwgpu_backend_init[0m[2m:[0m [2mwgpu_hal::vulkan::instance[0m[2m:[0m 	objects: (type: INSTANCE, hndl: 0x185085545a0, name: ?)
[2m2026-01-19T23:45:36.907188Z[0m [33m WARN[0m [1mnew[0m[2m:[0m[1mwgpu_backend_init[0m[2m:[0m [2mwgpu_hal::vulkan::instance[0m[2m:[0m GENERAL [Loader Message (0x0)]
	Layer name GalaxyOverlayVkLayer_VERBOSE does not conform to naming standard (Policy #LLP_LAYER_3)
[2m2026-01-19T23:45:36.907197Z[0m [33m WARN[0m [1mnew[0m[2m:[0m[1mwgpu_backend_init[0m[2m:[0m [2mwgpu_hal::vulkan::instance[0m[2m:[0m 	objects: (type: INSTANCE, hndl: 0x185085545a0, name: ?)
[2m2026-01-19T23:45:36.907208Z[0m [33m WARN[0m [1mnew[0m[2m:[0m[1mwgpu_backend_init[0m[2m:[0m [2mwgpu_hal::vulkan::instance[0m[2m:[0m GENERAL [Loader Message (0x0)]
	Layer name GalaxyOverlayVkLayer_DEBUG does not conform to naming standard (Policy #LLP_LAYER_3)
[2m2026-01-19T23:45:36.907217Z[0m [33m WARN[0m [1mnew[0m[2m:[0m[1mwgpu_backend_init[0m[2m:[0m [2mwgpu_hal::vulkan::instance[0m[2m:[0m 	objects: (type: INSTANCE, hndl: 0x185085545a0, name: ?)
[2m2026-01-19T23:45:36.907256Z[0m [32m INFO[0m [1mnew[0m[2m:[0m[1mwgpu_backend_init[0m[2m:[0m [2mwgpu_hal::vulkan::instance[0m[2m:[0m GENERAL [Loader Message (0x0)]
	Found manifest file C:\Program Files (x86)\Steam\SteamOverlayVulkanLayer64.json (file version 1.0.0)
[2m2026-01-19T23:45:36.907266Z[0m [32m INFO[0m [1mnew[0m[2m:[0m[1mwgpu_backend_init[0m[2m:[0m [2mwgpu_hal::vulkan::instance[0m[2m:[0m 	objects: (type: INSTANCE, hndl: 0x185085545a0, name: ?)
[2m2026-01-19T23:45:36.907302Z[0m [32m INFO[0m [1mnew[0m[2m:[0m[1mwgpu_backend_init[0m[2m:[0m [2mwgpu_hal::vulkan::instance[0m[2m:[0m GENERAL [Loader Message (0x0)]
	Found manifest file C:\Program Files (x86)\Steam\SteamFossilizeVulkanLayer64.json (file version 1.0.0)
[2m2026-01-19T23:45:36.907312Z[0m [32m INFO[0m [1mnew[0m[2m:[0m[1mwgpu_backend_init[0m[2m:[0m [2mwgpu_hal::vulkan::instance[0m[2m:[0m 	objects: (type: INSTANCE, hndl: 0x185085545a0, name: ?)
[2m2026-01-19T23:45:36.907352Z[0m [32m INFO[0m [1mnew[0m[2m:[0m[1mwgpu_backend_init[0m[2m:[0m [2mwgpu_hal::vulkan::instance[0m[2m:[0m GENERAL [Loader Message (0x0)]
	Found manifest file C:\Program Files\RenderDoc\renderdoc.json (file version 1.1.2)
[2m2026-01-19T23:45:36.907362Z[0m [32m INFO[0m [1mnew[0m[2m:[0m[1mwgpu_backend_init[0m[2m:[0m [2mwgpu_hal::vulkan::instance[0m[2m:[0m 	objects: (type: INSTANCE, hndl: 0x185085545a0, name: ?)
[2m2026-01-19T23:45:36.907404Z[0m [32m INFO[0m [1mnew[0m[2m:[0m[1mwgpu_backend_init[0m[2m:[0m [2mwgpu_hal::vulkan::instance[0m[2m:[0m GENERAL [Loader Message (0x0)]
	Found manifest file C:\ProgramData\obs-studio-hook\obs-vulkan64.json (file version 1.1.2)
[2m2026-01-19T23:45:36.907413Z[0m [32m INFO[0m [1mnew[0m[2m:[0m[1mwgpu_backend_init[0m[2m:[0m [2mwgpu_hal::vulkan::instance[0m[2m:[0m 	objects: (type: INSTANCE, hndl: 0x185085545a0, name: ?)
[2m2026-01-19T23:45:36.907448Z[0m [32m INFO[0m [1mnew[0m[2m:[0m[1mwgpu_backend_init[0m[2m:[0m [2mwgpu_hal::vulkan::instance[0m[2m:[0m GENERAL [Loader Message (0x0)]
	Found manifest file C:\ProgramData\obs-studio-hook\obs-vulkan32.json (file version 1.1.2)
[2m2026-01-19T23:45:36.907458Z[0m [32m INFO[0m [1mnew[0m[2m:[0m[1mwgpu_backend_init[0m[2m:[0m [2mwgpu_hal::vulkan::instance[0m[2m:[0m 	objects: (type: INSTANCE, hndl: 0x185085545a0, name: ?)
[2m2026-01-19T23:45:36.907495Z[0m [32m INFO[0m [1mnew[0m[2m:[0m[1mwgpu_backend_init[0m[2m:[0m [2mwgpu_hal::vulkan::instance[0m[2m:[0m GENERAL [Loader Message (0x0)]
	Found manifest file C:\Program Files (x86)\Epic Games\Launcher\Portal\Extras\Overlay\EOSOverlayVkLayer-Win32.json (file version 1.1.2)
[2m2026-01-19T23:45:36.907507Z[0m [32m INFO[0m [1mnew[0m[2m:[0m[1mwgpu_backend_init[0m[2m:[0m [2mwgpu_hal::vulkan::instance[0m[2m:[0m 	objects: (type: INSTANCE, hndl: 0x185085545a0, name: ?)
[2m2026-01-19T23:45:36.907544Z[0m [32m INFO[0m [1mnew[0m[2m:[0m[1mwgpu_backend_init[0m[2m:[0m [2mwgpu_hal::vulkan::instance[0m[2m:[0m GENERAL [Loader Message (0x0)]
	Found manifest file C:\Program Files (x86)\Epic Games\Launcher\Portal\Extras\Overlay\EOSOverlayVkLayer-Win64.json (file version 1.1.2)
[2m2026-01-19T23:45:36.907555Z[0m [32m INFO[0m [1mnew[0m[2m:[0m[1mwgpu_backend_init[0m[2m:[0m [2mwgpu_hal::vulkan::instance[0m[2m:[0m 	objects: (type: INSTANCE, hndl: 0x185085545a0, name: ?)
[2m2026-01-19T23:45:36.907571Z[0m [32m INFO[0m [1mnew[0m[2m:[0m[1mwgpu_backend_init[0m[2m:[0m [2mwgpu_hal::vulkan::instance[0m[2m:[0m GENERAL [Loader Message (0x0)]
	Checking for Layer Manifest files in Registry at HKEY_LOCAL_MACHINE\SOFTWARE\Khronos\Vulkan\ExplicitLayers
[2m2026-01-19T23:45:36.907579Z[0m [32m INFO[0m [1mnew[0m[2m:[0m[1mwgpu_backend_init[0m[2m:[0m [2mwgpu_hal::vulkan::instance[0m[2m:[0m 	objects: (type: INSTANCE, hndl: 0x185085545a0, name: ?)
[2m2026-01-19T23:45:36.907697Z[0m [32m INFO[0m [1mnew[0m[2m:[0m[1mwgpu_backend_init[0m[2m:[0m [2mwgpu_hal::vulkan::instance[0m[2m:[0m GENERAL [Loader Message (0x0)]
	windows_get_device_registry_files: opening device ROOT\DISPLAY\0000
[2m2026-01-19T23:45:36.907707Z[0m [32m INFO[0m [1mnew[0m[2m:[0m[1mwgpu_backend_init[0m[2m:[0m [2mwgpu_hal::vulkan::instance[0m[2m:[0m 	objects: (type: INSTANCE, hndl: 0x185085545a0, name: ?)
[2m2026-01-19T23:45:36.907726Z[0m [32m INFO[0m [1mnew[0m[2m:[0m[1mwgpu_backend_init[0m[2m:[0m [2mwgpu_hal::vulkan::instance[0m[2m:[0m GENERAL [Loader Message (0x0)]
	windows_get_device_registry_entry: Device ID(2) Does not contain a value for "VulkanExplicitLayers"
[2m2026-01-19T23:45:36.907735Z[0m [32m INFO[0m [1mnew[0m[2m:[0m[1mwgpu_backend_init[0m[2m:[0m [2mwgpu_hal::vulkan::instance[0m[2m:[0m 	objects: (type: INSTANCE, hndl: 0x185085545a0, name: ?)
[2m2026-01-19T23:45:36.907748Z[0m [32m INFO[0m [1mnew[0m[2m:[0m[1mwgpu_backend_init[0m[2m:[0m [2mwgpu_hal::vulkan::instance[0m[2m:[0m GENERAL [Loader Message (0x0)]
	windows_get_device_registry_files: unable to open child-device error:13
[2m2026-01-19T23:45:36.907755Z[0m [32m INFO[0m [1mnew[0m[2m:[0m[1mwgpu_backend_init[0m[2m:[0m [2mwgpu_hal::vulkan::instance[0m[2m:[0m 	objects: (type: INSTANCE, hndl: 0x185085545a0, name: ?)
[2m2026-01-19T23:45:36.907775Z[0m [32m INFO[0m [1mnew[0m[2m:[0m[1mwgpu_backend_init[0m[2m:[0m [2mwgpu_hal::vulkan::instance[0m[2m:[0m GENERAL [Loader Message (0x0)]
	windows_get_device_registry_files: opening device PCI\VEN_10DE&DEV_2717&SUBSYS_140C1462&REV_A1\4&32f542c9&0&0008
[2m2026-01-19T23:45:36.907784Z[0m [32m INFO[0m [1mnew[0m[2m:[0m[1mwgpu_backend_init[0m[2m:[0m [2mwgpu_hal::vulkan::instance[0m[2m:[0m 	objects: (type: INSTANCE, hndl: 0x185085545a0, name: ?)
[2m2026-01-19T23:45:36.907801Z[0m [32m INFO[0m [1mnew[0m[2m:[0m[1mwgpu_backend_init[0m[2m:[0m [2mwgpu_hal::vulkan::instance[0m[2m:[0m GENERAL [Loader Message (0x0)]
	windows_get_device_registry_entry: Device ID(1) Does not contain a value for "VulkanExplicitLayers"
[2m2026-01-19T23:45:36.907810Z[0m [32m INFO[0m [1mnew[0m[2m:[0m[1mwgpu_backend_init[0m[2m:[0m [2mwgpu_hal::vulkan::instance[0m[2m:[0m 	objects: (type: INSTANCE, hndl: 0x185085545a0, name: ?)
[2m2026-01-19T23:45:36.907819Z[0m [32m INFO[0m [1mnew[0m[2m:[0m[1mwgpu_backend_init[0m[2m:[0m [2mwgpu_hal::vulkan::instance[0m[2m:[0m GENERAL [Loader Message (0x0)]
	windows_get_device_registry_files: unable to open child-device error:13
[2m2026-01-19T23:45:36.907827Z[0m [32m INFO[0m [1mnew[0m[2m:[0m[1mwgpu_backend_init[0m[2m:[0m [2mwgpu_hal::vulkan::instance[0m[2m:[0m 	objects: (type: INSTANCE, hndl: 0x185085545a0, name: ?)
[2m2026-01-19T23:45:36.907845Z[0m [32m INFO[0m [1mnew[0m[2m:[0m[1mwgpu_backend_init[0m[2m:[0m [2mwgpu_hal::vulkan::instance[0m[2m:[0m GENERAL [Loader Message (0x0)]
	windows_get_device_registry_files: opening device PCI\VEN_8086&DEV_A788&SUBSYS_140C1462&REV_04\3&11583659&1&10
[2m2026-01-19T23:45:36.907854Z[0m [32m INFO[0m [1mnew[0m[2m:[0m[1mwgpu_backend_init[0m[2m:[0m [2mwgpu_hal::vulkan::instance[0m[2m:[0m 	objects: (type: INSTANCE, hndl: 0x185085545a0, name: ?)
[2m2026-01-19T23:45:36.907876Z[0m [32m INFO[0m [1mnew[0m[2m:[0m[1mwgpu_backend_init[0m[2m:[0m [2mwgpu_hal::vulkan::instance[0m[2m:[0m GENERAL [Loader Message (0x0)]
	windows_get_device_registry_entry: Device ID(4) Does not contain a value for "VulkanExplicitLayers"
[2m2026-01-19T23:45:36.907885Z[0m [32m INFO[0m [1mnew[0m[2m:[0m[1mwgpu_backend_init[0m[2m:[0m [2mwgpu_hal::vulkan::instance[0m[2m:[0m 	objects: (type: INSTANCE, hndl: 0x185085545a0, name: ?)
[2m2026-01-19T23:45:36.907896Z[0m [32m INFO[0m [1mnew[0m[2m:[0m[1mwgpu_backend_init[0m[2m:[0m [2mwgpu_hal::vulkan::instance[0m[2m:[0m GENERAL [Loader Message (0x0)]
	windows_get_device_registry_files: Opening child device 5 - SWD\DRIVERENUM\IGCC&4&3AB00BAC&0
[2m2026-01-19T23:45:36.907903Z[0m [32m INFO[0m [1mnew[0m[2m:[0m[1mwgpu_backend_init[0m[2m:[0m [2mwgpu_hal::vulkan::instance[0m[2m:[0m 	objects: (type: INSTANCE, hndl: 0x185085545a0, name: ?)
[2m2026-01-19T23:45:36.907940Z[0m [32m INFO[0m [1mnew[0m[2m:[0m[1mwgpu_backend_init[0m[2m:[0m [2mwgpu_hal::vulkan::instance[0m[2m:[0m GENERAL [Loader Message (0x0)]
	windows_get_device_registry_entry: Device ID(5) Does not contain a value for "VulkanExplicitLayers"
[2m2026-01-19T23:45:36.907949Z[0m [32m INFO[0m [1mnew[0m[2m:[0m[1mwgpu_backend_init[0m[2m:[0m [2mwgpu_hal::vulkan::instance[0m[2m:[0m 	objects: (type: INSTANCE, hndl: 0x185085545a0, name: ?)
[2m2026-01-19T23:45:36.907960Z[0m [32m INFO[0m [1mnew[0m[2m:[0m[1mwgpu_backend_init[0m[2m:[0m [2mwgpu_hal::vulkan::instance[0m[2m:[0m GENERAL [Loader Message (0x0)]
	windows_get_device_registry_files: Opening child device 6 - DISPLAY\AUOC5AC\4&3AB00BAC&0&UID8388688
[2m2026-01-19T23:45:36.907968Z[0m [32m INFO[0m [1mnew[0m[2m:[0m[1mwgpu_backend_init[0m[2m:[0m [2mwgpu_hal::vulkan::instance[0m[2m:[0m 	objects: (type: INSTANCE, hndl: 0x185085545a0, name: ?)
[2m2026-01-19T23:45:36.907980Z[0m [32m INFO[0m [1mnew[0m[2m:[0m[1mwgpu_backend_init[0m[2m:[0m [2mwgpu_hal::vulkan::instance[0m[2m:[0m GENERAL [Loader Message (0x0)]
	windows_get_device_registry_files: found no registry files
[2m2026-01-19T23:45:36.907987Z[0m [32m INFO[0m [1mnew[0m[2m:[0m[1mwgpu_backend_init[0m[2m:[0m [2mwgpu_hal::vulkan::instance[0m[2m:[0m 	objects: (type: INSTANCE, hndl: 0x185085545a0, name: ?)
[2m2026-01-19T23:45:36.908016Z[0m [32m INFO[0m [1mnew[0m[2m:[0m[1mwgpu_backend_init[0m[2m:[0m [2mwgpu_hal::vulkan::instance[0m[2m:[0m GENERAL [Loader Message (0x0)]
	Found no registry files in HKEY_CURRENT_USER\SOFTWARE\Khronos\Vulkan\ExplicitLayers
[2m2026-01-19T23:45:36.908025Z[0m [32m INFO[0m [1mnew[0m[2m:[0m[1mwgpu_backend_init[0m[2m:[0m [2mwgpu_hal::vulkan::instance[0m[2m:[0m 	objects: (type: INSTANCE, hndl: 0x185085545a0, name: ?)
[2m2026-01-19T23:45:36.908032Z[0m [33m WARN[0m [1mnew[0m[2m:[0m[1mwgpu_backend_init[0m[2m:[0m [2mwgpu_hal::vulkan::instance[0m[2m:[0m GENERAL [Loader Message (0x0)]
	windows_read_data_files_in_registry: Registry lookup failed to get layer manifest files.
[2m2026-01-19T23:45:36.908040Z[0m [33m WARN[0m [1mnew[0m[2m:[0m[1mwgpu_backend_init[0m[2m:[0m [2mwgpu_hal::vulkan::instance[0m[2m:[0m 	objects: (type: INSTANCE, hndl: 0x185085545a0, name: ?)
[2m2026-01-19T23:45:36.908245Z[0m [32m INFO[0m [1mnew[0m[2m:[0m[1mwgpu_backend_init[0m[2m:[0m [2mwgpu_hal::vulkan::instance[0m[2m:[0m GENERAL [Loader Message (0x0)]
	Searching for driver manifest files
[2m2026-01-19T23:45:36.908255Z[0m [32m INFO[0m [1mnew[0m[2m:[0m[1mwgpu_backend_init[0m[2m:[0m [2mwgpu_hal::vulkan::instance[0m[2m:[0m 	objects: (type: INSTANCE, hndl: 0x185085545a0, name: ?)
[2m2026-01-19T23:45:36.908262Z[0m [32m INFO[0m [1mnew[0m[2m:[0m[1mwgpu_backend_init[0m[2m:[0m [2mwgpu_hal::vulkan::instance[0m[2m:[0m GENERAL [Loader Message (0x0)]
	   In following locations:
[2m2026-01-19T23:45:36.908268Z[0m [32m INFO[0m [1mnew[0m[2m:[0m[1mwgpu_backend_init[0m[2m:[0m [2mwgpu_hal::vulkan::instance[0m[2m:[0m 	objects: (type: INSTANCE, hndl: 0x185085545a0, name: ?)
[2m2026-01-19T23:45:36.908275Z[0m [32m INFO[0m [1mnew[0m[2m:[0m[1mwgpu_backend_init[0m[2m:[0m [2mwgpu_hal::vulkan::instance[0m[2m:[0m GENERAL [Loader Message (0x0)]
	      C:\Program Files\WindowsApps\Microsoft.D3DMappingLayers_1.2601.1.0_x64__8wekyb3d8bbwe
[2m2026-01-19T23:45:36.908283Z[0m [32m INFO[0m [1mnew[0m[2m:[0m[1mwgpu_backend_init[0m[2m:[0m [2mwgpu_hal::vulkan::instance[0m[2m:[0m 	objects: (type: INSTANCE, hndl: 0x185085545a0, name: ?)
[2m2026-01-19T23:45:36.908646Z[0m [32m INFO[0m [1mnew[0m[2m:[0m[1mwgpu_backend_init[0m[2m:[0m [2mwgpu_hal::vulkan::instance[0m[2m:[0m GENERAL [Loader Message (0x0)]
	   Found the following files:
[2m2026-01-19T23:45:36.908662Z[0m [32m INFO[0m [1mnew[0m[2m:[0m[1mwgpu_backend_init[0m[2m:[0m [2mwgpu_hal::vulkan::instance[0m[2m:[0m 	objects: (type: INSTANCE, hndl: 0x185085545a0, name: ?)
[2m2026-01-19T23:45:36.908670Z[0m [32m INFO[0m [1mnew[0m[2m:[0m[1mwgpu_backend_init[0m[2m:[0m [2mwgpu_hal::vulkan::instance[0m[2m:[0m GENERAL [Loader Message (0x0)]
	      C:\Program Files\WindowsApps\Microsoft.D3DMappingLayers_1.2601.1.0_x64__8wekyb3d8bbwe\dzn_icd.x64.json
[2m2026-01-19T23:45:36.908679Z[0m [32m INFO[0m [1mnew[0m[2m:[0m[1mwgpu_backend_init[0m[2m:[0m [2mwgpu_hal::vulkan::instance[0m[2m:[0m 	objects: (type: INSTANCE, hndl: 0x185085545a0, name: ?)
[2m2026-01-19T23:45:36.908687Z[0m [32m INFO[0m [1mnew[0m[2m:[0m[1mwgpu_backend_init[0m[2m:[0m [2mwgpu_hal::vulkan::instance[0m[2m:[0m GENERAL [Loader Message (0x0)]
	      C:\Program Files\WindowsApps\Microsoft.D3DMappingLayers_1.2601.1.0_x64__8wekyb3d8bbwe\dzn_icd.x86.json
[2m2026-01-19T23:45:36.908696Z[0m [32m INFO[0m [1mnew[0m[2m:[0m[1mwgpu_backend_init[0m[2m:[0m [2mwgpu_hal::vulkan::instance[0m[2m:[0m 	objects: (type: INSTANCE, hndl: 0x185085545a0, name: ?)
[2m2026-01-19T23:45:36.908703Z[0m [32m INFO[0m [1mnew[0m[2m:[0m[1mwgpu_backend_init[0m[2m:[0m [2mwgpu_hal::vulkan::instance[0m[2m:[0m GENERAL [Loader Message (0x0)]
	Checking for Driver Manifest files in Registry at HKEY_LOCAL_MACHINE\SOFTWARE\Khronos\Vulkan\Drivers
[2m2026-01-19T23:45:36.908712Z[0m [32m INFO[0m [1mnew[0m[2m:[0m[1mwgpu_backend_init[0m[2m:[0m [2mwgpu_hal::vulkan::instance[0m[2m:[0m 	objects: (type: INSTANCE, hndl: 0x185085545a0, name: ?)
[2m2026-01-19T23:45:36.908784Z[0m [32m INFO[0m [1mnew[0m[2m:[0m[1mwgpu_backend_init[0m[2m:[0m [2mwgpu_hal::vulkan::instance[0m[2m:[0m GENERAL [Loader Message (0x0)]
	windows_add_json_entry: Located json file "C:\WINDOWS\System32\DriverStore\FileRepository\iigd_dch.inf_amd64_5bb681e167fe10a3\igvk64.json" from PnP registry: E
[2m2026-01-19T23:45:36.908795Z[0m [32m INFO[0m [1mnew[0m[2m:[0m[1mwgpu_backend_init[0m[2m:[0m [2mwgpu_hal::vulkan::instance[0m[2m:[0m 	objects: (type: INSTANCE, hndl: 0x185085545a0, name: ?)
[2m2026-01-19T23:45:36.908831Z[0m [32m INFO[0m [1mnew[0m[2m:[0m[1mwgpu_backend_init[0m[2m:[0m [2mwgpu_hal::vulkan::instance[0m[2m:[0m GENERAL [Loader Message (0x0)]
	windows_add_json_entry: Located json file "C:\WINDOWS\System32\DriverStore\FileRepository\nvmii.inf_amd64_e9fa27eaab64efe4\nv-vk64.json" from PnP registry: E
[2m2026-01-19T23:45:36.908842Z[0m [32m INFO[0m [1mnew[0m[2m:[0m[1mwgpu_backend_init[0m[2m:[0m [2mwgpu_hal::vulkan::instance[0m[2m:[0m 	objects: (type: INSTANCE, hndl: 0x185085545a0, name: ?)
[2m2026-01-19T23:45:36.909093Z[0m [32m INFO[0m [1mnew[0m[2m:[0m[1mwgpu_backend_init[0m[2m:[0m [2mwgpu_hal::vulkan::instance[0m[2m:[0m GENERAL [Loader Message (0x0)]
	Found no registry files in HKEY_LOCAL_MACHINE\SOFTWARE\Khronos\Vulkan\Drivers
[2m2026-01-19T23:45:36.909106Z[0m [32m INFO[0m [1mnew[0m[2m:[0m[1mwgpu_backend_init[0m[2m:[0m [2mwgpu_hal::vulkan::instance[0m[2m:[0m 	objects: (type: INSTANCE, hndl: 0x185085545a0, name: ?)
[2m2026-01-19T23:45:36.909186Z[0m [32m INFO[0m [1mnew[0m[2m:[0m[1mwgpu_backend_init[0m[2m:[0m [2mwgpu_hal::vulkan::instance[0m[2m:[0m GENERAL [Loader Message (0x0)]
	Found ICD manifest file C:\Program Files\WindowsApps\Microsoft.D3DMappingLayers_1.2601.1.0_x64__8wekyb3d8bbwe\dzn_icd.x64.json, version 1.0.1
[2m2026-01-19T23:45:36.909198Z[0m [32m INFO[0m [1mnew[0m[2m:[0m[1mwgpu_backend_init[0m[2m:[0m [2mwgpu_hal::vulkan::instance[0m[2m:[0m 	objects: (type: INSTANCE, hndl: 0x185085545a0, name: ?)
[2m2026-01-19T23:45:36.909248Z[0m [32m INFO[0m [1mnew[0m[2m:[0m[1mwgpu_backend_init[0m[2m:[0m [2mwgpu_hal::vulkan::instance[0m[2m:[0m GENERAL [Loader Message (0x0)]
	Found ICD manifest file C:\Program Files\WindowsApps\Microsoft.D3DMappingLayers_1.2601.1.0_x64__8wekyb3d8bbwe\dzn_icd.x86.json, version 1.0.1
[2m2026-01-19T23:45:36.909260Z[0m [32m INFO[0m [1mnew[0m[2m:[0m[1mwgpu_backend_init[0m[2m:[0m [2mwgpu_hal::vulkan::instance[0m[2m:[0m 	objects: (type: INSTANCE, hndl: 0x185085545a0, name: ?)
[2m2026-01-19T23:45:36.909269Z[0m [32m INFO[0m [1mnew[0m[2m:[0m[1mwgpu_backend_init[0m[2m:[0m [2mwgpu_hal::vulkan::instance[0m[2m:[0m GENERAL [Loader Message (0x0)]
	loader_parse_icd_manifest: Driver library architecture doesn't match the current running architecture, skipping this driver
[2m2026-01-19T23:45:36.909279Z[0m [32m INFO[0m [1mnew[0m[2m:[0m[1mwgpu_backend_init[0m[2m:[0m [2mwgpu_hal::vulkan::instance[0m[2m:[0m 	objects: (type: INSTANCE, hndl: 0x185085545a0, name: ?)
[2m2026-01-19T23:45:36.909324Z[0m [32m INFO[0m [1mnew[0m[2m:[0m[1mwgpu_backend_init[0m[2m:[0m [2mwgpu_hal::vulkan::instance[0m[2m:[0m GENERAL [Loader Message (0x0)]
	Found ICD manifest file C:\WINDOWS\System32\DriverStore\FileRepository\iigd_dch.inf_amd64_5bb681e167fe10a3\igvk64.json, version 1.0.0
[2m2026-01-19T23:45:36.909336Z[0m [32m INFO[0m [1mnew[0m[2m:[0m[1mwgpu_backend_init[0m[2m:[0m [2mwgpu_hal::vulkan::instance[0m[2m:[0m 	objects: (type: INSTANCE, hndl: 0x185085545a0, name: ?)
[2m2026-01-19T23:45:36.909386Z[0m [32m INFO[0m [1mnew[0m[2m:[0m[1mwgpu_backend_init[0m[2m:[0m [2mwgpu_hal::vulkan::instance[0m[2m:[0m GENERAL [Loader Message (0x0)]
	Found ICD manifest file C:\WINDOWS\System32\DriverStore\FileRepository\nvmii.inf_amd64_e9fa27eaab64efe4\nv-vk64.json, version 1.0.1
[2m2026-01-19T23:45:36.909398Z[0m [32m INFO[0m [1mnew[0m[2m:[0m[1mwgpu_backend_init[0m[2m:[0m [2mwgpu_hal::vulkan::instance[0m[2m:[0m 	objects: (type: INSTANCE, hndl: 0x185085545a0, name: ?)
[2m2026-01-19T23:45:36.909468Z[0m [33m WARN[0m [1mnew[0m[2m:[0m[1mwgpu_backend_init[0m[2m:[0m [2mwgpu_hal::vulkan::instance[0m[2m:[0m GENERAL [Loader Message (0x0)]
	Layer VK_LAYER_OBS_HOOK uses API version 1.2 which is older than the application specified API version of 1.3. May cause issues.
[2m2026-01-19T23:45:36.909477Z[0m [33m WARN[0m [1mnew[0m[2m:[0m[1mwgpu_backend_init[0m[2m:[0m [2mwgpu_hal::vulkan::instance[0m[2m:[0m 	objects: (type: INSTANCE, hndl: 0x185085545a0, name: ?)
[2m2026-01-19T23:45:36.910128Z[0m [32m INFO[0m [1mnew[0m[2m:[0m[1mwgpu_backend_init[0m[2m:[0m [2mwgpu_hal::vulkan::instance[0m[2m:[0m GENERAL [Loader Message (0x0)]
	Insert instance layer "VK_LAYER_OBS_HOOK" (C:\ProgramData\obs-studio-hook\.\graphics-hook64.dll)
[2m2026-01-19T23:45:36.910153Z[0m [32m INFO[0m [1mnew[0m[2m:[0m[1mwgpu_backend_init[0m[2m:[0m [2mwgpu_hal::vulkan::instance[0m[2m:[0m 	objects: (type: INSTANCE, hndl: 0x185085545a0, name: ?)
[2m2026-01-19T23:45:36.910174Z[0m [32m INFO[0m [1mnew[0m[2m:[0m[1mwgpu_backend_init[0m[2m:[0m [2mwgpu_hal::vulkan::instance[0m[2m:[0m GENERAL [Loader Message (0x0)]
	Insert instance layer "VK_LAYER_NV_present" (C:\WINDOWS\System32\DriverStore\FileRepository\nvmii.inf_amd64_e9fa27eaab64efe4\.\nvoglv64.dll)
[2m2026-01-19T23:45:36.910184Z[0m [32m INFO[0m [1mnew[0m[2m:[0m[1mwgpu_backend_init[0m[2m:[0m [2mwgpu_hal::vulkan::instance[0m[2m:[0m 	objects: (type: INSTANCE, hndl: 0x185085545a0, name: ?)
[2m2026-01-19T23:45:36.910198Z[0m [32m INFO[0m [1mnew[0m[2m:[0m[1mwgpu_backend_init[0m[2m:[0m [2mwgpu_hal::vulkan::instance[0m[2m:[0m GENERAL [Loader Message (0x0)]
	Insert instance layer "VK_LAYER_NV_optimus" (C:\WINDOWS\System32\DriverStore\FileRepository\nvmii.inf_amd64_e9fa27eaab64efe4\.\nvoglv64.dll)
[2m2026-01-19T23:45:36.910208Z[0m [32m INFO[0m [1mnew[0m[2m:[0m[1mwgpu_backend_init[0m[2m:[0m [2mwgpu_hal::vulkan::instance[0m[2m:[0m 	objects: (type: INSTANCE, hndl: 0x185085545a0, name: ?)
[2m2026-01-19T23:45:36.910398Z[0m [32m INFO[0m [1mnew[0m[2m:[0m[1mwgpu_backend_init[0m[2m:[0m [2mwgpu_hal::vulkan::instance[0m[2m:[0m GENERAL [Loader Message (0x0)]
	vkCreateInstance layer callstack setup to:
[2m2026-01-19T23:45:36.910503Z[0m [32m INFO[0m [1mnew[0m[2m:[0m[1mwgpu_backend_init[0m[2m:[0m [2mwgpu_hal::vulkan::instance[0m[2m:[0m 	objects: (type: INSTANCE, hndl: 0x185085545a0, name: ?)
[2m2026-01-19T23:45:36.910513Z[0m [32m INFO[0m [1mnew[0m[2m:[0m[1mwgpu_backend_init[0m[2m:[0m [2mwgpu_hal::vulkan::instance[0m[2m:[0m GENERAL [Loader Message (0x0)]
	   <Application>
[2m2026-01-19T23:45:36.910527Z[0m [32m INFO[0m [1mnew[0m[2m:[0m[1mwgpu_backend_init[0m[2m:[0m [2mwgpu_hal::vulkan::instance[0m[2m:[0m 	objects: (type: INSTANCE, hndl: 0x185085545a0, name: ?)
[2m2026-01-19T23:45:36.910534Z[0m [32m INFO[0m [1mnew[0m[2m:[0m[1mwgpu_backend_init[0m[2m:[0m [2mwgpu_hal::vulkan::instance[0m[2m:[0m GENERAL [Loader Message (0x0)]
	     ||
[2m2026-01-19T23:45:36.910542Z[0m [32m INFO[0m [1mnew[0m[2m:[0m[1mwgpu_backend_init[0m[2m:[0m [2mwgpu_hal::vulkan::instance[0m[2m:[0m 	objects: (type: INSTANCE, hndl: 0x185085545a0, name: ?)
[2m2026-01-19T23:45:36.910549Z[0m [32m INFO[0m [1mnew[0m[2m:[0m[1mwgpu_backend_init[0m[2m:[0m [2mwgpu_hal::vulkan::instance[0m[2m:[0m GENERAL [Loader Message (0x0)]
	   <Loader>
[2m2026-01-19T23:45:36.910556Z[0m [32m INFO[0m [1mnew[0m[2m:[0m[1mwgpu_backend_init[0m[2m:[0m [2mwgpu_hal::vulkan::instance[0m[2m:[0m 	objects: (type: INSTANCE, hndl: 0x185085545a0, name: ?)
[2m2026-01-19T23:45:36.910563Z[0m [32m INFO[0m [1mnew[0m[2m:[0m[1mwgpu_backend_init[0m[2m:[0m [2mwgpu_hal::vulkan::instance[0m[2m:[0m GENERAL [Loader Message (0x0)]
	     ||
[2m2026-01-19T23:45:36.910571Z[0m [32m INFO[0m [1mnew[0m[2m:[0m[1mwgpu_backend_init[0m[2m:[0m [2mwgpu_hal::vulkan::instance[0m[2m:[0m 	objects: (type: INSTANCE, hndl: 0x185085545a0, name: ?)
[2m2026-01-19T23:45:36.910578Z[0m [32m INFO[0m [1mnew[0m[2m:[0m[1mwgpu_backend_init[0m[2m:[0m [2mwgpu_hal::vulkan::instance[0m[2m:[0m GENERAL [Loader Message (0x0)]
	   VK_LAYER_NV_optimus
[2m2026-01-19T23:45:36.910586Z[0m [32m INFO[0m [1mnew[0m[2m:[0m[1mwgpu_backend_init[0m[2m:[0m [2mwgpu_hal::vulkan::instance[0m[2m:[0m 	objects: (type: INSTANCE, hndl: 0x185085545a0, name: ?)
[2m2026-01-19T23:45:36.910593Z[0m [32m INFO[0m [1mnew[0m[2m:[0m[1mwgpu_backend_init[0m[2m:[0m [2mwgpu_hal::vulkan::instance[0m[2m:[0m GENERAL [Loader Message (0x0)]
	           Type: Implicit
[2m2026-01-19T23:45:36.910601Z[0m [32m INFO[0m [1mnew[0m[2m:[0m[1mwgpu_backend_init[0m[2m:[0m [2mwgpu_hal::vulkan::instance[0m[2m:[0m 	objects: (type: INSTANCE, hndl: 0x185085545a0, name: ?)
[2m2026-01-19T23:45:36.910608Z[0m [32m INFO[0m [1mnew[0m[2m:[0m[1mwgpu_backend_init[0m[2m:[0m [2mwgpu_hal::vulkan::instance[0m[2m:[0m GENERAL [Loader Message (0x0)]
	           Enabled By: Implicit Layer
[2m2026-01-19T23:45:36.910616Z[0m [32m INFO[0m [1mnew[0m[2m:[0m[1mwgpu_backend_init[0m[2m:[0m [2mwgpu_hal::vulkan::instance[0m[2m:[0m 	objects: (type: INSTANCE, hndl: 0x185085545a0, name: ?)
[2m2026-01-19T23:45:36.910624Z[0m [32m INFO[0m [1mnew[0m[2m:[0m[1mwgpu_backend_init[0m[2m:[0m [2mwgpu_hal::vulkan::instance[0m[2m:[0m GENERAL [Loader Message (0x0)]
	               Disable Env Var:  DISABLE_LAYER_NV_OPTIMUS_1
[2m2026-01-19T23:45:36.910632Z[0m [32m INFO[0m [1mnew[0m[2m:[0m[1mwgpu_backend_init[0m[2m:[0m [2mwgpu_hal::vulkan::instance[0m[2m:[0m 	objects: (type: INSTANCE, hndl: 0x185085545a0, name: ?)
[2m2026-01-19T23:45:36.910640Z[0m [32m INFO[0m [1mnew[0m[2m:[0m[1mwgpu_backend_init[0m[2m:[0m [2mwgpu_hal::vulkan::instance[0m[2m:[0m GENERAL [Loader Message (0x0)]
	           Manifest: C:\WINDOWS\System32\DriverStore\FileRepository\nvmii.inf_amd64_e9fa27eaab64efe4\nv-vk64.json
[2m2026-01-19T23:45:36.910649Z[0m [32m INFO[0m [1mnew[0m[2m:[0m[1mwgpu_backend_init[0m[2m:[0m [2mwgpu_hal::vulkan::instance[0m[2m:[0m 	objects: (type: INSTANCE, hndl: 0x185085545a0, name: ?)
[2m2026-01-19T23:45:36.910657Z[0m [32m INFO[0m [1mnew[0m[2m:[0m[1mwgpu_backend_init[0m[2m:[0m [2mwgpu_hal::vulkan::instance[0m[2m:[0m GENERAL [Loader Message (0x0)]
	           Library:  C:\WINDOWS\System32\DriverStore\FileRepository\nvmii.inf_amd64_e9fa27eaab64efe4\.\nvoglv64.dll
[2m2026-01-19T23:45:36.910666Z[0m [32m INFO[0m [1mnew[0m[2m:[0m[1mwgpu_backend_init[0m[2m:[0m [2mwgpu_hal::vulkan::instance[0m[2m:[0m 	objects: (type: INSTANCE, hndl: 0x185085545a0, name: ?)
[2m2026-01-19T23:45:36.910673Z[0m [32m INFO[0m [1mnew[0m[2m:[0m[1mwgpu_backend_init[0m[2m:[0m [2mwgpu_hal::vulkan::instance[0m[2m:[0m GENERAL [Loader Message (0x0)]
	     ||
[2m2026-01-19T23:45:36.910680Z[0m [32m INFO[0m [1mnew[0m[2m:[0m[1mwgpu_backend_init[0m[2m:[0m [2mwgpu_hal::vulkan::instance[0m[2m:[0m 	objects: (type: INSTANCE, hndl: 0x185085545a0, name: ?)
[2m2026-01-19T23:45:36.910687Z[0m [32m INFO[0m [1mnew[0m[2m:[0m[1mwgpu_backend_init[0m[2m:[0m [2mwgpu_hal::vulkan::instance[0m[2m:[0m GENERAL [Loader Message (0x0)]
	   VK_LAYER_NV_present
[2m2026-01-19T23:45:36.910695Z[0m [32m INFO[0m [1mnew[0m[2m:[0m[1mwgpu_backend_init[0m[2m:[0m [2mwgpu_hal::vulkan::instance[0m[2m:[0m 	objects: (type: INSTANCE, hndl: 0x185085545a0, name: ?)
[2m2026-01-19T23:45:36.910702Z[0m [32m INFO[0m [1mnew[0m[2m:[0m[1mwgpu_backend_init[0m[2m:[0m [2mwgpu_hal::vulkan::instance[0m[2m:[0m GENERAL [Loader Message (0x0)]
	           Type: Implicit
[2m2026-01-19T23:45:36.910710Z[0m [32m INFO[0m [1mnew[0m[2m:[0m[1mwgpu_backend_init[0m[2m:[0m [2mwgpu_hal::vulkan::instance[0m[2m:[0m 	objects: (type: INSTANCE, hndl: 0x185085545a0, name: ?)
[2m2026-01-19T23:45:36.910717Z[0m [32m INFO[0m [1mnew[0m[2m:[0m[1mwgpu_backend_init[0m[2m:[0m [2mwgpu_hal::vulkan::instance[0m[2m:[0m GENERAL [Loader Message (0x0)]
	           Enabled By: Implicit Layer
[2m2026-01-19T23:45:36.910724Z[0m [32m INFO[0m [1mnew[0m[2m:[0m[1mwgpu_backend_init[0m[2m:[0m [2mwgpu_hal::vulkan::instance[0m[2m:[0m 	objects: (type: INSTANCE, hndl: 0x185085545a0, name: ?)
[2m2026-01-19T23:45:36.910736Z[0m [32m INFO[0m [1mnew[0m[2m:[0m[1mwgpu_backend_init[0m[2m:[0m [2mwgpu_hal::vulkan::instance[0m[2m:[0m GENERAL [Loader Message (0x0)]
	               Disable Env Var:  DISABLE_LAYER_NV_PRESENT_1
[2m2026-01-19T23:45:36.910744Z[0m [32m INFO[0m [1mnew[0m[2m:[0m[1mwgpu_backend_init[0m[2m:[0m [2mwgpu_hal::vulkan::instance[0m[2m:[0m 	objects: (type: INSTANCE, hndl: 0x185085545a0, name: ?)
[2m2026-01-19T23:45:36.910752Z[0m [32m INFO[0m [1mnew[0m[2m:[0m[1mwgpu_backend_init[0m[2m:[0m [2mwgpu_hal::vulkan::instance[0m[2m:[0m GENERAL [Loader Message (0x0)]
	           Manifest: C:\WINDOWS\System32\DriverStore\FileRepository\nvmii.inf_amd64_e9fa27eaab64efe4\nv-vk64.json
[2m2026-01-19T23:45:36.910761Z[0m [32m INFO[0m [1mnew[0m[2m:[0m[1mwgpu_backend_init[0m[2m:[0m [2mwgpu_hal::vulkan::instance[0m[2m:[0m 	objects: (type: INSTANCE, hndl: 0x185085545a0, name: ?)
[2m2026-01-19T23:45:36.910768Z[0m [32m INFO[0m [1mnew[0m[2m:[0m[1mwgpu_backend_init[0m[2m:[0m [2mwgpu_hal::vulkan::instance[0m[2m:[0m GENERAL [Loader Message (0x0)]
	           Library:  C:\WINDOWS\System32\DriverStore\FileRepository\nvmii.inf_amd64_e9fa27eaab64efe4\.\nvoglv64.dll
[2m2026-01-19T23:45:36.910777Z[0m [32m INFO[0m [1mnew[0m[2m:[0m[1mwgpu_backend_init[0m[2m:[0m [2mwgpu_hal::vulkan::instance[0m[2m:[0m 	objects: (type: INSTANCE, hndl: 0x185085545a0, name: ?)
[2m2026-01-19T23:45:36.910784Z[0m [32m INFO[0m [1mnew[0m[2m:[0m[1mwgpu_backend_init[0m[2m:[0m [2mwgpu_hal::vulkan::instance[0m[2m:[0m GENERAL [Loader Message (0x0)]
	     ||
[2m2026-01-19T23:45:36.910791Z[0m [32m INFO[0m [1mnew[0m[2m:[0m[1mwgpu_backend_init[0m[2m:[0m [2mwgpu_hal::vulkan::instance[0m[2m:[0m 	objects: (type: INSTANCE, hndl: 0x185085545a0, name: ?)
[2m2026-01-19T23:45:36.910798Z[0m [32m INFO[0m [1mnew[0m[2m:[0m[1mwgpu_backend_init[0m[2m:[0m [2mwgpu_hal::vulkan::instance[0m[2m:[0m GENERAL [Loader Message (0x0)]
	   VK_LAYER_OBS_HOOK
[2m2026-01-19T23:45:36.910805Z[0m [32m INFO[0m [1mnew[0m[2m:[0m[1mwgpu_backend_init[0m[2m:[0m [2mwgpu_hal::vulkan::instance[0m[2m:[0m 	objects: (type: INSTANCE, hndl: 0x185085545a0, name: ?)
[2m2026-01-19T23:45:36.910813Z[0m [32m INFO[0m [1mnew[0m[2m:[0m[1mwgpu_backend_init[0m[2m:[0m [2mwgpu_hal::vulkan::instance[0m[2m:[0m GENERAL [Loader Message (0x0)]
	           Type: Implicit
[2m2026-01-19T23:45:36.910820Z[0m [32m INFO[0m [1mnew[0m[2m:[0m[1mwgpu_backend_init[0m[2m:[0m [2mwgpu_hal::vulkan::instance[0m[2m:[0m 	objects: (type: INSTANCE, hndl: 0x185085545a0, name: ?)
[2m2026-01-19T23:45:36.910827Z[0m [32m INFO[0m [1mnew[0m[2m:[0m[1mwgpu_backend_init[0m[2m:[0m [2mwgpu_hal::vulkan::instance[0m[2m:[0m GENERAL [Loader Message (0x0)]
	           Enabled By: Implicit Layer
[2m2026-01-19T23:45:36.910835Z[0m [32m INFO[0m [1mnew[0m[2m:[0m[1mwgpu_backend_init[0m[2m:[0m [2mwgpu_hal::vulkan::instance[0m[2m:[0m 	objects: (type: INSTANCE, hndl: 0x185085545a0, name: ?)
[2m2026-01-19T23:45:36.910842Z[0m [32m INFO[0m [1mnew[0m[2m:[0m[1mwgpu_backend_init[0m[2m:[0m [2mwgpu_hal::vulkan::instance[0m[2m:[0m GENERAL [Loader Message (0x0)]
	               Disable Env Var:  DISABLE_VULKAN_OBS_CAPTURE
[2m2026-01-19T23:45:36.910850Z[0m [32m INFO[0m [1mnew[0m[2m:[0m[1mwgpu_backend_init[0m[2m:[0m [2mwgpu_hal::vulkan::instance[0m[2m:[0m 	objects: (type: INSTANCE, hndl: 0x185085545a0, name: ?)
[2m2026-01-19T23:45:36.910857Z[0m [32m INFO[0m [1mnew[0m[2m:[0m[1mwgpu_backend_init[0m[2m:[0m [2mwgpu_hal::vulkan::instance[0m[2m:[0m GENERAL [Loader Message (0x0)]
	           Manifest: C:\ProgramData\obs-studio-hook\obs-vulkan64.json
[2m2026-01-19T23:45:36.910865Z[0m [32m INFO[0m [1mnew[0m[2m:[0m[1mwgpu_backend_init[0m[2m:[0m [2mwgpu_hal::vulkan::instance[0m[2m:[0m 	objects: (type: INSTANCE, hndl: 0x185085545a0, name: ?)
[2m2026-01-19T23:45:36.910872Z[0m [32m INFO[0m [1mnew[0m[2m:[0m[1mwgpu_backend_init[0m[2m:[0m [2mwgpu_hal::vulkan::instance[0m[2m:[0m GENERAL [Loader Message (0x0)]
	           Library:  C:\ProgramData\obs-studio-hook\.\graphics-hook64.dll
[2m2026-01-19T23:45:36.910881Z[0m [32m INFO[0m [1mnew[0m[2m:[0m[1mwgpu_backend_init[0m[2m:[0m [2mwgpu_hal::vulkan::instance[0m[2m:[0m 	objects: (type: INSTANCE, hndl: 0x185085545a0, name: ?)
[2m2026-01-19T23:45:36.910887Z[0m [32m INFO[0m [1mnew[0m[2m:[0m[1mwgpu_backend_init[0m[2m:[0m [2mwgpu_hal::vulkan::instance[0m[2m:[0m GENERAL [Loader Message (0x0)]
	     ||
[2m2026-01-19T23:45:36.910894Z[0m [32m INFO[0m [1mnew[0m[2m:[0m[1mwgpu_backend_init[0m[2m:[0m [2mwgpu_hal::vulkan::instance[0m[2m:[0m 	objects: (type: INSTANCE, hndl: 0x185085545a0, name: ?)
[2m2026-01-19T23:45:36.910900Z[0m [32m INFO[0m [1mnew[0m[2m:[0m[1mwgpu_backend_init[0m[2m:[0m [2mwgpu_hal::vulkan::instance[0m[2m:[0m GENERAL [Loader Message (0x0)]
	   <Drivers>
[2m2026-01-19T23:45:36.910906Z[0m [32m INFO[0m [1mnew[0m[2m:[0m[1mwgpu_backend_init[0m[2m:[0m [2mwgpu_hal::vulkan::instance[0m[2m:[0m 	objects: (type: INSTANCE, hndl: 0x185085545a0, name: ?)
[2m2026-01-19T23:45:36.957438Z[0m [32m INFO[0m [1mnew[0m[2m:[0m[1mwgpu_backend_init[0m[2m:[0m [2mwgpu_hal::vulkan::instance[0m[2m:[0m Enabling debug utils
[2m2026-01-19T23:45:36.960075Z[0m [32m INFO[0m [1mnew[0m[2m:[0m[1mwgpu_backend_init[0m[2m:[0m [2mrender_engine::backend::wgpu_backend[0m[2m:[0m Requesting GPU adapter
[2m2026-01-19T23:45:37.167239Z[0m [33m WARN[0m [1mnew[0m[2m:[0m[1mwgpu_backend_init[0m[2m:[0m [2mwgpu_hal::vulkan::adapter[0m[2m:[0m Adapter is not Vulkan compliant, hiding adapter: Microsoft Direct3D12 (Intel(R) UHD Graphics)
[2m2026-01-19T23:45:37.167441Z[0m [33m WARN[0m [1mnew[0m[2m:[0m[1mwgpu_backend_init[0m[2m:[0m [2mwgpu_hal::vulkan::adapter[0m[2m:[0m Adapter is not Vulkan compliant, hiding adapter: Microsoft Direct3D12 (NVIDIA GeForce RTX 4090 Laptop GPU)
[2m2026-01-19T23:45:37.167533Z[0m [33m WARN[0m [1mnew[0m[2m:[0m[1mwgpu_backend_init[0m[2m:[0m [2mwgpu_hal::vulkan::adapter[0m[2m:[0m Adapter is not Vulkan compliant, hiding adapter: Microsoft Direct3D12 (Microsoft Basic Render Driver)
[2m2026-01-19T23:45:37.261754Z[0m [32m INFO[0m [1mnew[0m[2m:[0m[1mwgpu_backend_init[0m[2m:[0m [2mrender_engine::backend::wgpu_backend[0m[2m:[0m Selected adapter: Intel(R) UHD Graphics (Dx12)
[2m2026-01-19T23:45:37.261805Z[0m [32m INFO[0m [1mnew[0m[2m:[0m[1mwgpu_backend_init[0m[2m:[0m [2mrender_engine::backend::wgpu_backend[0m[2m:[0m Creating device and queue
[2m2026-01-19T23:45:37.261834Z[0m [33m WARN[0m [1mnew[0m[2m:[0m[1mwgpu_backend_init[0m[2m:[0m [2mwgpu_core::instance[0m[2m:[0m Missing downlevel flags: DownlevelFlags(VERTEX_AND_INSTANCE_INDEX_RESPECTS_RESPECTIVE_FIRST_VALUE_IN_INDIRECT_DRAW)
The underlying API or device in use does not support enough features to be a fully compliant implementation of WebGPU. A subset of the features can still be used. If you are running this program on native and not in a browser and wish to limit the features you use to the supported subset, call Adapter::downlevel_properties or Device::downlevel_properties to get a listing of the features the current platform supports.
[2m2026-01-19T23:45:37.261864Z[0m [33m WARN[0m [1mnew[0m[2m:[0m[1mwgpu_backend_init[0m[2m:[0m [2mwgpu_core::instance[0m[2m:[0m DownlevelCapabilities {
    flags: DownlevelFlags(
        COMPUTE_SHADERS | FRAGMENT_WRITABLE_STORAGE | INDIRECT_EXECUTION | BASE_VERTEX | READ_ONLY_DEPTH_STENCIL | NON_POWER_OF_TWO_MIPMAPPED_TEXTURES | CUBE_ARRAY_TEXTURES | COMPARISON_SAMPLERS | INDEPENDENT_BLEND | VERTEX_STORAGE | ANISOTROPIC_FILTERING | FRAGMENT_STORAGE | MULTISAMPLED_SHADING | DEPTH_TEXTURE_AND_BUFFER_COPIES | WEBGPU_TEXTURE_FORMAT_SUPPORT | BUFFER_BINDINGS_NOT_16_BYTE_ALIGNED | UNRESTRICTED_INDEX_BUFFER | FULL_DRAW_INDEX_UINT32 | DEPTH_BIAS_CLAMP | VIEW_FORMATS | UNRESTRICTED_EXTERNAL_TEXTURE_COPIES | SURFACE_VIEW_FORMATS | NONBLOCKING_QUERY_RESOLVE,
    ),
    limits: DownlevelLimits,
    shader_model: Sm5,
}
[2m2026-01-19T23:45:37.334392Z[0m [32m INFO[0m [1mnew[0m[2m:[0m[1mwgpu_backend_init[0m[2m:[0m [2mwgpu_hal::dx12::device[0m[2m:[0m Naga generated shader for "main" at Compute:
struct OffsetPc {
    uint inner;
};

RWByteAddressBuffer dst_ : register(u0);
ByteAddressBuffer src : register(t0);
ConstantBuffer<OffsetPc> offset: register(b0);

typedef uint ret_Constructarray6_uint_[6];
ret_Constructarray6_uint_ Constructarray6_uint_(uint arg0, uint arg1, uint arg2, uint arg3, uint arg4, uint arg5) {
    uint ret[6] = { arg0, arg1, arg2, arg3, arg4, arg5 };
    return ret;
}

[numthreads(1, 1, 1)]
void main()
{
    uint _e3 = offset.inner;
    uint _e5 = asuint(src.Load(_e3*4));
    uint _e9 = offset.inner;
    uint _e13 = asuint(src.Load((_e9 + 1u)*4));
    uint _e17 = offset.inner;
    uint _e21 = asuint(src.Load((_e17 + 2u)*4));
    uint3 src_1 = uint3(_e5, _e13, _e21);
    if ((((src_1.x > 65535u) || (src_1.y > 65535u)) || (src_1.z > 65535u))) {
        {
            uint _value3[6] = Constructarray6_uint_(0u, 0u, 0u, 0u, 0u, 0u);
            dst_.Store(0, asuint(_value3[0]));
            dst_.Store(4, asuint(_value3[1]));
            dst_.Store(8, asuint(_value3[2]));
            dst_.Store(12, asuint(_value3[3]));
            dst_.Store(16, asuint(_value3[4]));
            dst_.Store(20, asuint(_value3[5]));
        }
        return;
    } else {
        {
            uint _value3[6] = Constructarray6_uint_(src_1.x, src_1.y, src_1.z, src_1.x, src_1.y, src_1.z);
            dst_.Store(0, asuint(_value3[0]));
            dst_.Store(4, asuint(_value3[1]));
            dst_.Store(8, asuint(_value3[2]));
            dst_.Store(12, asuint(_value3[3]));
            dst_.Store(16, asuint(_value3[4]));
            dst_.Store(20, asuint(_value3[5]));
        }
        return;
    }
}

[2m2026-01-19T23:45:37.339784Z[0m [32m INFO[0m [1mnew[0m[2m:[0m[1mwgpu_backend_init[0m[2m:[0m [2mrender_engine::backend::wgpu_backend[0m[2m:[0m Creating globals buffer: 64 bytes
[2m2026-01-19T23:45:37.339897Z[0m [32m INFO[0m [1mnew[0m[2m:[0m[1mwgpu_backend_init[0m[2m:[0m [2mrender_engine::backend::wgpu_backend[0m[2m:[0m Uploading globals: 64 bytes
[2m2026-01-19T23:45:37.339971Z[0m [33m WARN[0m [1mnew[0m[2m:[0m[1mwgpu_backend_init[0m[2m:[0m [2mwgpu_hal::auxil::dxgi::exception[0m[2m:[0m ID3D12Device::CreateHeap: Specifying D3D12_CPU_PAGE_PROPERTY_WRITE_COMBINE on pDesc can have a large performance impact. [ STATE_CREATION WARNING #1318: WRITE_COMBINE_PERFORMANCE_WARNING]
[2m2026-01-19T23:45:37.343415Z[0m [32m INFO[0m [1mnew[0m[2m:[0m[1mwgpu_backend_init[0m[2m:[0m [2mrender_engine::backend::wgpu_backend[0m[2m:[0m Creating vertex buffer: 1024 instances, 32 bytes per instance, 32768 bytes total
[2m2026-01-19T23:45:37.343476Z[0m [32m INFO[0m [1mnew[0m[2m:[0m[1mwgpu_backend_init[0m[2m:[0m [2mrender_engine::backend::wgpu_backend[0m[2m:[0m Loading shader from rect.wgsl
[2m2026-01-19T23:45:37.344406Z[0m [32m INFO[0m [1mnew[0m[2m:[0m[1mwgpu_backend_init[0m[2m:[0m [2mrender_engine::backend::wgpu_backend[0m[2m:[0m Shader module created successfully
[2m2026-01-19T23:45:37.349313Z[0m [32m INFO[0m [1mnew[0m[2m:[0m[1mwgpu_backend_init[0m[2m:[0m [2mwgpu_hal::dx12::device[0m[2m:[0m Naga generated shader for "vs_main" at Vertex:
struct NagaConstants {
    int first_vertex;
    int first_instance;
    uint other;
};
ConstantBuffer<NagaConstants> _NagaConstants: register(b1);

struct Globals {
    row_major float4x4 transform;
};

struct VertexInput {
    uint vertex_index : SV_VertexID;
    float2 pos : LOC0;
    float2 size : LOC1;
    float4 color : LOC2;
};

struct VertexOutput {
    float4 position : SV_Position;
    float4 color : LOC0;
};

cbuffer globals : register(b0) { Globals globals; }

struct VertexOutput_vs_main {
    float4 color : LOC0;
    float4 position : SV_Position;
};

struct FragmentInput_fs_main {
    float4 color_1 : LOC0;
    float4 position_1 : SV_Position;
};

float2 vertex_position(uint index)
{
    switch(index) {
        case 0u: {
            return float2(0.0, 0.0);
        }
        case 1u: {
            return float2(1.0, 0.0);
        }
        case 2u: {
            return float2(1.0, 1.0);
        }
        case 3u: {
            return float2(0.0, 0.0);
        }
        case 4u: {
            return float2(1.0, 1.0);
        }
        case 5u:
        default: {
            return float2(0.0, 1.0);
        }
    }
}

VertexOutput_vs_main vs_main(VertexInput input)
{
    VertexOutput out_ = (VertexOutput)0;

    const float2 _e3 = vertex_position((_NagaConstants.first_vertex + input.vertex_index));
    float2 screen_pos = (input.pos + (_e3 * input.size));
    float4x4 _e11 = globals.transform;
    out_.position = mul(float4(screen_pos, 0.0, 1.0), _e11);
    out_.color = input.color;
    VertexOutput _e18 = out_;
    const VertexOutput vertexoutput = _e18;
    const VertexOutput_vs_main vertexoutput_1 = { vertexoutput.color, vertexoutput.position };
    return vertexoutput_1;
}

float4 fs_main(FragmentInput_fs_main fragmentinput_fs_main) : SV_Target0
{
    VertexOutput input_1 = { fragmentinput_fs_main.position_1, fragmentinput_fs_main.color_1 };
    return input_1.color;
}

[2m2026-01-19T23:45:37.352485Z[0m [32m INFO[0m [1mnew[0m[2m:[0m[1mwgpu_backend_init[0m[2m:[0m [2mwgpu_hal::dx12::device[0m[2m:[0m Naga generated shader for "fs_main" at Fragment:
struct NagaConstants {
    int first_vertex;
    int first_instance;
    uint other;
};
ConstantBuffer<NagaConstants> _NagaConstants: register(b1);

struct Globals {
    row_major float4x4 transform;
};

struct VertexInput {
    uint vertex_index : SV_VertexID;
    float2 pos : LOC0;
    float2 size : LOC1;
    float4 color : LOC2;
};

struct VertexOutput {
    float4 position : SV_Position;
    float4 color : LOC0;
};

cbuffer globals : register(b0) { Globals globals; }

struct VertexOutput_vs_main {
    float4 color : LOC0;
    float4 position : SV_Position;
};

struct FragmentInput_fs_main {
    float4 color_1 : LOC0;
    float4 position_1 : SV_Position;
};

float2 vertex_position(uint index)
{
    switch(index) {
        case 0u: {
            return float2(0.0, 0.0);
        }
        case 1u: {
            return float2(1.0, 0.0);
        }
        case 2u: {
            return float2(1.0, 1.0);
        }
        case 3u: {
            return float2(0.0, 0.0);
        }
        case 4u: {
            return float2(1.0, 1.0);
        }
        case 5u:
        default: {
            return float2(0.0, 1.0);
        }
    }
}

VertexOutput_vs_main vs_main(VertexInput input)
{
    VertexOutput out_ = (VertexOutput)0;

    const float2 _e3 = vertex_position((_NagaConstants.first_vertex + input.vertex_index));
    float2 screen_pos = (input.pos + (_e3 * input.size));
    float4x4 _e11 = globals.transform;
    out_.position = mul(float4(screen_pos, 0.0, 1.0), _e11);
    out_.color = input.color;
    VertexOutput _e18 = out_;
    const VertexOutput vertexoutput = _e18;
    const VertexOutput_vs_main vertexoutput_1 = { vertexoutput.color, vertexoutput.position };
    return vertexoutput_1;
}

float4 fs_main(FragmentInput_fs_main fragmentinput_fs_main) : SV_Target0
{
    VertexOutput input_1 = { fragmentinput_fs_main.position_1, fragmentinput_fs_main.color_1 };
    return input_1.color;
}

[2m2026-01-19T23:45:37.354501Z[0m [32m INFO[0m [1mnew[0m[2m:[0m[1mwgpu_backend_init[0m[2m:[0m [2mrender_engine::backend::wgpu_backend[0m[2m:[0m Setting up text rendering pipeline
[2m2026-01-19T23:45:37.356032Z[0m [33m WARN[0m [1mnew[0m[2m:[0m[1mwgpu_backend_init[0m[2m:[0m [2mwgpu_hal::auxil::dxgi::exception[0m[2m:[0m ID3D12Device::CreateSampler2: ComparisonFunc is D3D12_COMPARISON_FUNC_ALWAYS, but D3D12_FILTER_MIN_MAG_LINEAR_MIP_POINT is not a comparison filter. This is OK, as the ComparisonFunc will simply be ignored, but is was likely not the intent. [ STATE_CREATION WARNING #1361: CREATE_SAMPLER_COMPARISON_FUNC_IGNORED]
[2m2026-01-19T23:45:37.356204Z[0m [32m INFO[0m [1mnew[0m[2m:[0m[1mwgpu_backend_init[0m[2m:[0m [2mrender_engine::backend::wgpu_backend[0m[2m:[0m Loading shader from glyph.wgsl
[2m2026-01-19T23:45:37.362659Z[0m [32m INFO[0m [1mnew[0m[2m:[0m[1mwgpu_backend_init[0m[2m:[0m [2mwgpu_hal::dx12::device[0m[2m:[0m Naga generated shader for "vs_main" at Vertex:
struct NagaConstants {
    int first_vertex;
    int first_instance;
    uint other;
};
ConstantBuffer<NagaConstants> _NagaConstants: register(b1);

struct Globals {
    row_major float4x4 transform;
};

struct VertexInput {
    uint vertex_index : SV_VertexID;
    float2 pos : LOC0;
    float2 size : LOC1;
    float4 color : LOC2;
    float4 tex_coords : LOC3;
};

struct VertexOutput {
    float4 position : SV_Position;
    float4 color : LOC0;
    float2 tex_coord : LOC1;
};

cbuffer globals : register(b0) { Globals globals; }
Texture2D<float4> glyph_texture : register(t0);
SamplerState glyph_sampler : register(s0);

struct VertexOutput_vs_main {
    float4 color : LOC0;
    float2 tex_coord : LOC1;
    float4 position : SV_Position;
};

struct FragmentInput_fs_main {
    float4 color_1 : LOC0;
    float2 tex_coord_1 : LOC1;
    float4 position_1 : SV_Position;
};

float2 vertex_position(uint index)
{
    switch(index) {
        case 0u: {
            return float2(0.0, 0.0);
        }
        case 1u: {
            return float2(1.0, 0.0);
        }
        case 2u: {
            return float2(1.0, 1.0);
        }
        case 3u: {
            return float2(0.0, 0.0);
        }
        case 4u: {
            return float2(1.0, 1.0);
        }
        case 5u:
        default: {
            return float2(0.0, 1.0);
        }
    }
}

VertexOutput_vs_main vs_main(VertexInput input)
{
    VertexOutput out_ = (VertexOutput)0;

    const float2 _e3 = vertex_position((_NagaConstants.first_vertex + input.vertex_index));
    float2 screen_pos = (input.pos + (_e3 * input.size));
    float4x4 _e11 = globals.transform;
    out_.position = mul(float4(screen_pos, 0.0, 1.0), _e11);
    out_.color = input.color;
    float u = lerp(input.tex_coords.x, input.tex_coords.z, _e3.x);
    float v = lerp(input.tex_coords.y, input.tex_coords.w, _e3.y);
    out_.tex_coord = float2(u, v);
    VertexOutput _e32 = out_;
    const VertexOutput vertexoutput = _e32;
    const VertexOutput_vs_main vertexoutput_1 = { vertexoutput.color, vertexoutput.tex_coord, vertexoutput.position };
    return vertexoutput_1;
}

float4 fs_main(FragmentInput_fs_main fragmentinput_fs_main) : SV_Target0
{
    VertexOutput input_1 = { fragmentinput_fs_main.position_1, fragmentinput_fs_main.color_1, fragmentinput_fs_main.tex_coord_1 };
    float4 _e4 = glyph_texture.Sample(glyph_sampler, input_1.tex_coord);
    float alpha = _e4.x;
    return float4(input_1.color.xyz, (input_1.color.w * alpha));
}

[2m2026-01-19T23:45:37.365819Z[0m [32m INFO[0m [1mnew[0m[2m:[0m[1mwgpu_backend_init[0m[2m:[0m [2mwgpu_hal::dx12::device[0m[2m:[0m Naga generated shader for "fs_main" at Fragment:
struct NagaConstants {
    int first_vertex;
    int first_instance;
    uint other;
};
ConstantBuffer<NagaConstants> _NagaConstants: register(b1);

struct Globals {
    row_major float4x4 transform;
};

struct VertexInput {
    uint vertex_index : SV_VertexID;
    float2 pos : LOC0;
    float2 size : LOC1;
    float4 color : LOC2;
    float4 tex_coords : LOC3;
};

struct VertexOutput {
    float4 position : SV_Position;
    float4 color : LOC0;
    float2 tex_coord : LOC1;
};

cbuffer globals : register(b0) { Globals globals; }
Texture2D<float4> glyph_texture : register(t0);
SamplerState glyph_sampler : register(s0);

struct VertexOutput_vs_main {
    float4 color : LOC0;
    float2 tex_coord : LOC1;
    float4 position : SV_Position;
};

struct FragmentInput_fs_main {
    float4 color_1 : LOC0;
    float2 tex_coord_1 : LOC1;
    float4 position_1 : SV_Position;
};

float2 vertex_position(uint index)
{
    switch(index) {
        case 0u: {
            return float2(0.0, 0.0);
        }
        case 1u: {
            return float2(1.0, 0.0);
        }
        case 2u: {
            return float2(1.0, 1.0);
        }
        case 3u: {
            return float2(0.0, 0.0);
        }
        case 4u: {
            return float2(1.0, 1.0);
        }
        case 5u:
        default: {
            return float2(0.0, 1.0);
        }
    }
}

VertexOutput_vs_main vs_main(VertexInput input)
{
    VertexOutput out_ = (VertexOutput)0;

    const float2 _e3 = vertex_position((_NagaConstants.first_vertex + input.vertex_index));
    float2 screen_pos = (input.pos + (_e3 * input.size));
    float4x4 _e11 = globals.transform;
    out_.position = mul(float4(screen_pos, 0.0, 1.0), _e11);
    out_.color = input.color;
    float u = lerp(input.tex_coords.x, input.tex_coords.z, _e3.x);
    float v = lerp(input.tex_coords.y, input.tex_coords.w, _e3.y);
    out_.tex_coord = float2(u, v);
    VertexOutput _e32 = out_;
    const VertexOutput vertexoutput = _e32;
    const VertexOutput_vs_main vertexoutput_1 = { vertexoutput.color, vertexoutput.tex_coord, vertexoutput.position };
    return vertexoutput_1;
}

float4 fs_main(FragmentInput_fs_main fragmentinput_fs_main) : SV_Target0
{
    VertexOutput input_1 = { fragmentinput_fs_main.position_1, fragmentinput_fs_main.color_1, fragmentinput_fs_main.tex_coord_1 };
    float4 _e4 = glyph_texture.Sample(glyph_sampler, input_1.tex_coord);
    float alpha = _e4.x;
    return float4(input_1.color.xyz, (input_1.color.w * alpha));
}

✓ Integrated 7 nodes into app scene
✓ Form root node ID in app: NodeId(1)
=== Form GUI Started ===
Interactions:
  - Click on field to focus (field will turn light blue)
  - Type to enter text (shown in console below)
  - Tab to move to next field
  - Backspace/Delete to remove characters
  - Arrow keys to move cursor
  - Enter to submit form (when valid)

Validation:
  - Name: Required
  - Email: Required, must contain @ and .
  - Password: Required, minimum 8 characters

NOTE: Text glyphs render but atlas not yet rasterized - typed text shown in console

✓ Connected to MCP server for remote debugging
EVENT: Window { window_id: WindowId(1), event: CursorMoved { position: Point { x: 481.0, y: 57.0 } } }
EVENT: Window { window_id: WindowId(1), event: CursorMoved { position: Point { x: 475.0, y: 55.0 } } }
EVENT: Window { window_id: WindowId(1), event: CursorMoved { position: Point { x: 471.0, y: 52.0 } } }
EVENT: Window { window_id: WindowId(1), event: CursorMoved { position: Point { x: 466.0, y: 50.0 } } }
EVENT: Window { window_id: WindowId(1), event: CursorMoved { position: Point { x: 460.0, y: 47.0 } } }
EVENT: Window { window_id: WindowId(1), event: CursorMoved { position: Point { x: 456.0, y: 46.0 } } }
EVENT: Window { window_id: WindowId(1), event: CursorMoved { position: Point { x: 451.0, y: 43.0 } } }
EVENT: Window { window_id: WindowId(1), event: CursorMoved { position: Point { x: 445.0, y: 41.0 } } }
EVENT: Window { window_id: WindowId(1), event: CursorMoved { position: Point { x: 441.0, y: 39.0 } } }
EVENT: Window { window_id: WindowId(1), event: CursorMoved { position: Point { x: 436.0, y: 37.0 } } }
EVENT: Window { window_id: WindowId(1), event: CursorMoved { position: Point { x: 432.0, y: 36.0 } } }
EVENT: Window { window_id: WindowId(1), event: CursorMoved { position: Point { x: 427.0, y: 34.0 } } }
EVENT: Window { window_id: WindowId(1), event: CursorMoved { position: Point { x: 423.0, y: 32.0 } } }
EVENT: Window { window_id: WindowId(1), event: CursorMoved { position: Point { x: 418.0, y: 30.0 } } }
EVENT: Window { window_id: WindowId(1), event: CursorMoved { position: Point { x: 413.0, y: 28.0 } } }
EVENT: Window { window_id: WindowId(1), event: CursorMoved { position: Point { x: 409.0, y: 26.0 } } }
EVENT: Window { window_id: WindowId(1), event: CursorMoved { position: Point { x: 404.0, y: 25.0 } } }
EVENT: Window { window_id: WindowId(1), event: CursorMoved { position: Point { x: 400.0, y: 23.0 } } }
EVENT: Window { window_id: WindowId(1), event: CursorMoved { position: Point { x: 395.0, y: 21.0 } } }
EVENT: Window { window_id: WindowId(1), event: CursorMoved { position: Point { x: 391.0, y: 19.0 } } }
EVENT: Window { window_id: WindowId(1), event: CursorMoved { position: Point { x: 386.0, y: 17.0 } } }
EVENT: Window { window_id: WindowId(1), event: CursorMoved { position: Point { x: 383.0, y: 16.0 } } }
EVENT: Window { window_id: WindowId(1), event: CursorMoved { position: Point { x: 379.0, y: 14.0 } } }
EVENT: Window { window_id: WindowId(1), event: CursorMoved { position: Point { x: 375.0, y: 12.0 } } }
EVENT: Window { window_id: WindowId(1), event: CursorMoved { position: Point { x: 372.0, y: 11.0 } } }
EVENT: Window { window_id: WindowId(1), event: CursorMoved { position: Point { x: 369.0, y: 9.0 } } }
EVENT: Window { window_id: WindowId(1), event: CursorMoved { position: Point { x: 364.0, y: 7.0 } } }
EVENT: Window { window_id: WindowId(1), event: CursorMoved { position: Point { x: 361.0, y: 6.0 } } }
EVENT: Window { window_id: WindowId(1), event: CursorMoved { position: Point { x: 354.0, y: 2.0 } } }
EVENT: Window { window_id: WindowId(1), event: CursorMoved { position: Point { x: 354.0, y: 2.0 } } }
EVENT: Window { window_id: WindowId(1), event: CursorMoved { position: Point { x: 351.0, y: 1.0 } } }
EVENT: Window { window_id: WindowId(1), event: CursorMoved { position: Point { x: 303.0, y: 0.0 } } }
EVENT: Window { window_id: WindowId(1), event: CursorMoved { position: Point { x: 303.0, y: 0.0 } } }
EVENT: Window { window_id: WindowId(1), event: CursorMoved { position: Point { x: 303.0, y: 1.0 } } }
EVENT: Window { window_id: WindowId(1), event: CursorMoved { position: Point { x: 302.0, y: 1.0 } } }
EVENT: Window { window_id: WindowId(1), event: CursorMoved { position: Point { x: 302.0, y: 1.0 } } }
EVENT: Window { window_id: WindowId(1), event: CursorMoved { position: Point { x: 302.0, y: 1.0 } } }
EVENT: Window { window_id: WindowId(1), event: CursorMoved { position: Point { x: 302.0, y: 2.0 } } }
EVENT: Window { window_id: WindowId(1), event: CursorMoved { position: Point { x: 302.0, y: 2.0 } } }
EVENT: Window { window_id: WindowId(1), event: CursorMoved { position: Point { x: 301.0, y: 2.0 } } }
EVENT: Window { window_id: WindowId(1), event: CursorMoved { position: Point { x: 301.0, y: 3.0 } } }
EVENT: Window { window_id: WindowId(1), event: CursorMoved { position: Point { x: 301.0, y: 4.0 } } }
EVENT: Window { window_id: WindowId(1), event: CursorMoved { position: Point { x: 301.0, y: 4.0 } } }
EVENT: Window { window_id: WindowId(1), event: CursorMoved { position: Point { x: 301.0, y: 5.0 } } }
EVENT: Window { window_id: WindowId(1), event: CursorMoved { position: Point { x: 301.0, y: 5.0 } } }
EVENT: Window { window_id: WindowId(1), event: CursorMoved { position: Point { x: 301.0, y: 6.0 } } }
EVENT: Window { window_id: WindowId(1), event: CursorMoved { position: Point { x: 301.0, y: 6.0 } } }
EVENT: Window { window_id: WindowId(1), event: CursorMoved { position: Point { x: 301.0, y: 7.0 } } }
EVENT: Window { window_id: WindowId(1), event: CursorMoved { position: Point { x: 301.0, y: 8.0 } } }
EVENT: Window { window_id: WindowId(1), event: CursorMoved { position: Point { x: 301.0, y: 8.0 } } }
EVENT: Window { window_id: WindowId(1), event: CursorMoved { position: Point { x: 301.0, y: 8.0 } } }
EVENT: Window { window_id: WindowId(1), event: CursorMoved { position: Point { x: 301.0, y: 9.0 } } }
EVENT: Window { window_id: WindowId(1), event: CursorMoved { position: Point { x: 301.0, y: 9.0 } } }
EVENT: Window { window_id: WindowId(1), event: CursorMoved { position: Point { x: 301.0, y: 10.0 } } }
EVENT: Window { window_id: WindowId(1), event: CursorMoved { position: Point { x: 301.0, y: 10.0 } } }
EVENT: Window { window_id: WindowId(1), event: CursorMoved { position: Point { x: 301.0, y: 11.0 } } }
EVENT: Window { window_id: WindowId(1), event: CursorMoved { position: Point { x: 301.0, y: 10.0 } } }
EVENT: Window { window_id: WindowId(1), event: CursorMoved { position: Point { x: 302.0, y: 10.0 } } }
EVENT: Window { window_id: WindowId(1), event: CursorMoved { position: Point { x: 302.0, y: 10.0 } } }
EVENT: Window { window_id: WindowId(1), event: CursorMoved { position: Point { x: 302.0, y: 9.0 } } }
EVENT: Window { window_id: WindowId(1), event: CursorMoved { position: Point { x: 302.0, y: 9.0 } } }
EVENT: Window { window_id: WindowId(1), event: CursorMoved { position: Point { x: 302.0, y: 8.0 } } }
EVENT: Window { window_id: WindowId(1), event: CursorMoved { position: Point { x: 302.0, y: 8.0 } } }
EVENT: Window { window_id: WindowId(1), event: CursorMoved { position: Point { x: 302.0, y: 7.0 } } }
EVENT: Window { window_id: WindowId(1), event: CursorMoved { position: Point { x: 302.0, y: 6.0 } } }
EVENT: Window { window_id: WindowId(1), event: CursorMoved { position: Point { x: 302.0, y: 6.0 } } }
EVENT: Window { window_id: WindowId(1), event: CursorMoved { position: Point { x: 301.0, y: 5.0 } } }
EVENT: Window { window_id: WindowId(1), event: CursorMoved { position: Point { x: 301.0, y: 5.0 } } }
EVENT: Window { window_id: WindowId(1), event: CursorMoved { position: Point { x: 301.0, y: 4.0 } } }
EVENT: Window { window_id: WindowId(1), event: CursorMoved { position: Point { x: 300.0, y: 4.0 } } }
EVENT: Window { window_id: WindowId(1), event: CursorMoved { position: Point { x: 300.0, y: 3.0 } } }
EVENT: Window { window_id: WindowId(1), event: CursorMoved { position: Point { x: 300.0, y: 3.0 } } }
EVENT: Window { window_id: WindowId(1), event: CursorMoved { position: Point { x: 299.0, y: 2.0 } } }
EVENT: Window { window_id: WindowId(1), event: CursorMoved { position: Point { x: 298.0, y: 2.0 } } }
EVENT: Window { window_id: WindowId(1), event: CursorMoved { position: Point { x: 298.0, y: 1.0 } } }
EVENT: Window { window_id: WindowId(1), event: CursorMoved { position: Point { x: 298.0, y: 1.0 } } }
EVENT: Window { window_id: WindowId(1), event: CursorMoved { position: Point { x: 297.0, y: 1.0 } } }
EVENT: Window { window_id: WindowId(1), event: CursorMoved { position: Point { x: 297.0, y: 0.0 } } }
EVENT: Window { window_id: WindowId(1), event: CursorMoved { position: Point { x: 296.0, y: 0.0 } } }
EVENT: Window { window_id: WindowId(1), event: CursorMoved { position: Point { x: 296.0, y: 0.0 } } }
EVENT: Window { window_id: WindowId(1), event: CursorMoved { position: Point { x: 295.0, y: 0.0 } } }
EVENT: Window { window_id: WindowId(1), event: CursorMoved { position: Point { x: 191.0, y: 0.0 } } }
EVENT: Window { window_id: WindowId(1), event: CursorMoved { position: Point { x: 191.0, y: 1.0 } } }
EVENT: Window { window_id: WindowId(1), event: CursorMoved { position: Point { x: 191.0, y: 1.0 } } }
EVENT: Window { window_id: WindowId(1), event: CursorMoved { position: Point { x: 190.0, y: 2.0 } } }
EVENT: Window { window_id: WindowId(1), event: CursorMoved { position: Point { x: 190.0, y: 2.0 } } }
EVENT: Window { window_id: WindowId(1), event: CursorMoved { position: Point { x: 190.0, y: 2.0 } } }
EVENT: Window { window_id: WindowId(1), event: CursorMoved { position: Point { x: 190.0, y: 3.0 } } }
EVENT: Window { window_id: WindowId(1), event: CursorMoved { position: Point { x: 190.0, y: 3.0 } } }
EVENT: Window { window_id: WindowId(1), event: CursorMoved { position: Point { x: 189.0, y: 4.0 } } }
EVENT: Window { window_id: WindowId(1), event: CursorMoved { position: Point { x: 189.0, y: 5.0 } } }
EVENT: Window { window_id: WindowId(1), event: CursorMoved { position: Point { x: 189.0, y: 5.0 } } }
EVENT: Window { window_id: WindowId(1), event: CursorMoved { position: Point { x: 189.0, y: 6.0 } } }
EVENT: Window { window_id: WindowId(1), event: CursorMoved { position: Point { x: 189.0, y: 6.0 } } }
EVENT: Window { window_id: WindowId(1), event: CursorMoved { position: Point { x: 189.0, y: 7.0 } } }
EVENT: Window { window_id: WindowId(1), event: CursorMoved { position: Point { x: 189.0, y: 7.0 } } }
EVENT: Window { window_id: WindowId(1), event: CursorMoved { position: Point { x: 189.0, y: 8.0 } } }
EVENT: Window { window_id: WindowId(1), event: CursorMoved { position: Point { x: 189.0, y: 9.0 } } }
EVENT: Window { window_id: WindowId(1), event: CursorMoved { position: Point { x: 189.0, y: 9.0 } } }
EVENT: Window { window_id: WindowId(1), event: CursorMoved { position: Point { x: 189.0, y: 10.0 } } }
EVENT: Window { window_id: WindowId(1), event: CursorMoved { position: Point { x: 189.0, y: 10.0 } } }
EVENT: Window { window_id: WindowId(1), event: CursorMoved { position: Point { x: 189.0, y: 11.0 } } }
EVENT: Window { window_id: WindowId(1), event: CursorMoved { position: Point { x: 189.0, y: 11.0 } } }
EVENT: Window { window_id: WindowId(1), event: CursorMoved { position: Point { x: 189.0, y: 12.0 } } }
EVENT: Window { window_id: WindowId(1), event: CursorMoved { position: Point { x: 189.0, y: 13.0 } } }
EVENT: Window { window_id: WindowId(1), event: CursorMoved { position: Point { x: 189.0, y: 13.0 } } }
EVENT: Window { window_id: WindowId(1), event: CursorMoved { position: Point { x: 189.0, y: 14.0 } } }
EVENT: Window { window_id: WindowId(1), event: CursorMoved { position: Point { x: 189.0, y: 14.0 } } }
EVENT: Window { window_id: WindowId(1), event: CursorMoved { position: Point { x: 189.0, y: 15.0 } } }
EVENT: Window { window_id: WindowId(1), event: CursorMoved { position: Point { x: 189.0, y: 15.0 } } }
EVENT: Window { window_id: WindowId(1), event: CursorMoved { position: Point { x: 189.0, y: 16.0 } } }
EVENT: Window { window_id: WindowId(1), event: CursorMoved { position: Point { x: 190.0, y: 16.0 } } }
EVENT: Window { window_id: WindowId(1), event: CursorMoved { position: Point { x: 190.0, y: 17.0 } } }
EVENT: Window { window_id: WindowId(1), event: CursorMoved { position: Point { x: 190.0, y: 17.0 } } }
EVENT: Window { window_id: WindowId(1), event: CursorMoved { position: Point { x: 190.0, y: 18.0 } } }
EVENT: Window { window_id: WindowId(1), event: CursorMoved { position: Point { x: 190.0, y: 18.0 } } }
EVENT: Window { window_id: WindowId(1), event: CursorMoved { position: Point { x: 190.0, y: 19.0 } } }
EVENT: Window { window_id: WindowId(1), event: CursorMoved { position: Point { x: 191.0, y: 19.0 } } }
EVENT: Window { window_id: WindowId(1), event: CursorMoved { position: Point { x: 191.0, y: 19.0 } } }
EVENT: Window { window_id: WindowId(1), event: CursorMoved { position: Point { x: 191.0, y: 20.0 } } }
EVENT: Window { window_id: WindowId(1), event: CursorMoved { position: Point { x: 191.0, y: 21.0 } } }
EVENT: Window { window_id: WindowId(1), event: CursorMoved { position: Point { x: 191.0, y: 21.0 } } }
EVENT: Window { window_id: WindowId(1), event: CursorMoved { position: Point { x: 191.0, y: 22.0 } } }
EVENT: Window { window_id: WindowId(1), event: CursorMoved { position: Point { x: 191.0, y: 22.0 } } }
EVENT: Window { window_id: WindowId(1), event: CursorMoved { position: Point { x: 192.0, y: 22.0 } } }
EVENT: Window { window_id: WindowId(1), event: CursorMoved { position: Point { x: 193.0, y: 22.0 } } }
EVENT: Window { window_id: WindowId(1), event: CursorMoved { position: Point { x: 193.0, y: 23.0 } } }
EVENT: Window { window_id: WindowId(1), event: CursorMoved { position: Point { x: 193.0, y: 23.0 } } }
EVENT: Window { window_id: WindowId(1), event: CursorMoved { position: Point { x: 193.0, y: 24.0 } } }
EVENT: Window { window_id: WindowId(1), event: CursorMoved { position: Point { x: 193.0, y: 24.0 } } }
EVENT: Window { window_id: WindowId(1), event: CursorMoved { position: Point { x: 193.0, y: 25.0 } } }
EVENT: Window { window_id: WindowId(1), event: CursorMoved { position: Point { x: 194.0, y: 25.0 } } }
EVENT: Window { window_id: WindowId(1), event: CursorMoved { position: Point { x: 194.0, y: 26.0 } } }
EVENT: Window { window_id: WindowId(1), event: CursorMoved { position: Point { x: 194.0, y: 26.0 } } }
EVENT: Window { window_id: WindowId(1), event: CursorMoved { position: Point { x: 195.0, y: 26.0 } } }
EVENT: Window { window_id: WindowId(1), event: CursorMoved { position: Point { x: 195.0, y: 26.0 } } }
EVENT: Window { window_id: WindowId(1), event: CursorMoved { position: Point { x: 195.0, y: 27.0 } } }
EVENT: Window { window_id: WindowId(1), event: CursorMoved { position: Point { x: 195.0, y: 27.0 } } }
EVENT: Window { window_id: WindowId(1), event: CursorMoved { position: Point { x: 196.0, y: 27.0 } } }
EVENT: Window { window_id: WindowId(1), event: CursorMoved { position: Point { x: 197.0, y: 27.0 } } }
EVENT: Window { window_id: WindowId(1), event: CursorMoved { position: Point { x: 197.0, y: 28.0 } } }
EVENT: Window { window_id: WindowId(1), event: CursorMoved { position: Point { x: 197.0, y: 28.0 } } }
EVENT: Window { window_id: WindowId(1), event: CursorMoved { position: Point { x: 197.0, y: 28.0 } } }
EVENT: Window { window_id: WindowId(1), event: CursorMoved { position: Point { x: 197.0, y: 29.0 } } }
EVENT: Window { window_id: WindowId(1), event: CursorMoved { position: Point { x: 198.0, y: 29.0 } } }
EVENT: Window { window_id: WindowId(1), event: CursorMoved { position: Point { x: 198.0, y: 30.0 } } }
EVENT: Window { window_id: WindowId(1), event: CursorMoved { position: Point { x: 198.0, y: 30.0 } } }
EVENT: Window { window_id: WindowId(1), event: CursorMoved { position: Point { x: 199.0, y: 30.0 } } }
EVENT: Window { window_id: WindowId(1), event: CursorMoved { position: Point { x: 199.0, y: 31.0 } } }
EVENT: Window { window_id: WindowId(1), event: CursorMoved { position: Point { x: 199.0, y: 31.0 } } }
EVENT: Window { window_id: WindowId(1), event: CursorMoved { position: Point { x: 199.0, y: 31.0 } } }
EVENT: Window { window_id: WindowId(1), event: CursorMoved { position: Point { x: 199.0, y: 32.0 } } }
EVENT: Window { window_id: WindowId(1), event: CursorMoved { position: Point { x: 199.0, y: 32.0 } } }
EVENT: Window { window_id: WindowId(1), event: CursorMoved { position: Point { x: 200.0, y: 32.0 } } }
EVENT: Window { window_id: WindowId(1), event: CursorMoved { position: Point { x: 200.0, y: 33.0 } } }
EVENT: Window { window_id: WindowId(1), event: CursorMoved { position: Point { x: 201.0, y: 33.0 } } }
EVENT: Window { window_id: WindowId(1), event: CursorMoved { position: Point { x: 201.0, y: 34.0 } } }
EVENT: Window { window_id: WindowId(1), event: CursorMoved { position: Point { x: 201.0, y: 34.0 } } }
EVENT: Window { window_id: WindowId(1), event: CursorMoved { position: Point { x: 201.0, y: 35.0 } } }
EVENT: Window { window_id: WindowId(1), event: CursorMoved { position: Point { x: 201.0, y: 35.0 } } }
EVENT: Window { window_id: WindowId(1), event: CursorMoved { position: Point { x: 201.0, y: 36.0 } } }
EVENT: Window { window_id: WindowId(1), event: CursorMoved { position: Point { x: 201.0, y: 36.0 } } }
EVENT: Window { window_id: WindowId(1), event: CursorMoved { position: Point { x: 201.0, y: 36.0 } } }
EVENT: Window { window_id: WindowId(1), event: CursorMoved { position: Point { x: 201.0, y: 37.0 } } }
EVENT: Window { window_id: WindowId(1), event: CursorMoved { position: Point { x: 201.0, y: 38.0 } } }
EVENT: Window { window_id: WindowId(1), event: CursorMoved { position: Point { x: 201.0, y: 38.0 } } }
EVENT: Window { window_id: WindowId(1), event: CursorMoved { position: Point { x: 201.0, y: 39.0 } } }
EVENT: Window { window_id: WindowId(1), event: CursorMoved { position: Point { x: 201.0, y: 39.0 } } }
EVENT: Window { window_id: WindowId(1), event: CursorMoved { position: Point { x: 202.0, y: 39.0 } } }
EVENT: Window { window_id: WindowId(1), event: CursorMoved { position: Point { x: 202.0, y: 40.0 } } }
EVENT: Window { window_id: WindowId(1), event: CursorMoved { position: Point { x: 202.0, y: 40.0 } } }
EVENT: Window { window_id: WindowId(1), event: CursorMoved { position: Point { x: 202.0, y: 41.0 } } }
EVENT: Window { window_id: WindowId(1), event: CursorMoved { position: Point { x: 202.0, y: 42.0 } } }
EVENT: Window { window_id: WindowId(1), event: CursorMoved { position: Point { x: 202.0, y: 42.0 } } }
EVENT: Window { window_id: WindowId(1), event: CursorMoved { position: Point { x: 202.0, y: 43.0 } } }
EVENT: Window { window_id: WindowId(1), event: CursorMoved { position: Point { x: 202.0, y: 43.0 } } }
EVENT: Window { window_id: WindowId(1), event: CursorMoved { position: Point { x: 202.0, y: 44.0 } } }
EVENT: Window { window_id: WindowId(1), event: CursorMoved { position: Point { x: 202.0, y: 44.0 } } }
EVENT: Window { window_id: WindowId(1), event: CursorMoved { position: Point { x: 202.0, y: 45.0 } } }
EVENT: Window { window_id: WindowId(1), event: CursorMoved { position: Point { x: 202.0, y: 46.0 } } }
EVENT: Window { window_id: WindowId(1), event: CursorMoved { position: Point { x: 202.0, y: 46.0 } } }
EVENT: Window { window_id: WindowId(1), event: CursorMoved { position: Point { x: 202.0, y: 47.0 } } }
EVENT: Window { window_id: WindowId(1), event: CursorMoved { position: Point { x: 202.0, y: 47.0 } } }
EVENT: Window { window_id: WindowId(1), event: CursorMoved { position: Point { x: 201.0, y: 47.0 } } }
EVENT: Window { window_id: WindowId(1), event: CursorMoved { position: Point { x: 201.0, y: 48.0 } } }
EVENT: Window { window_id: WindowId(1), event: CursorMoved { position: Point { x: 201.0, y: 48.0 } } }
EVENT: Window { window_id: WindowId(1), event: CursorMoved { position: Point { x: 201.0, y: 49.0 } } }
EVENT: Window { window_id: WindowId(1), event: CursorMoved { position: Point { x: 201.0, y: 50.0 } } }
EVENT: Window { window_id: WindowId(1), event: CursorMoved { position: Point { x: 201.0, y: 50.0 } } }
EVENT: Window { window_id: WindowId(1), event: CursorMoved { position: Point { x: 201.0, y: 51.0 } } }
EVENT: Window { window_id: WindowId(1), event: CursorMoved { position: Point { x: 201.0, y: 51.0 } } }
EVENT: Window { window_id: WindowId(1), event: CursorMoved { position: Point { x: 201.0, y: 52.0 } } }
EVENT: Window { window_id: WindowId(1), event: CursorMoved { position: Point { x: 201.0, y: 52.0 } } }
EVENT: Window { window_id: WindowId(1), event: CursorMoved { position: Point { x: 201.0, y: 53.0 } } }
EVENT: Window { window_id: WindowId(1), event: CursorMoved { position: Point { x: 201.0, y: 54.0 } } }
EVENT: Window { window_id: WindowId(1), event: CursorMoved { position: Point { x: 201.0, y: 54.0 } } }
EVENT: Window { window_id: WindowId(1), event: CursorMoved { position: Point { x: 201.0, y: 55.0 } } }
EVENT: Window { window_id: WindowId(1), event: CursorMoved { position: Point { x: 201.0, y: 55.0 } } }
EVENT: Window { window_id: WindowId(1), event: CursorMoved { position: Point { x: 201.0, y: 56.0 } } }
EVENT: Window { window_id: WindowId(1), event: CursorMoved { position: Point { x: 201.0, y: 56.0 } } }
EVENT: Window { window_id: WindowId(1), event: CursorMoved { position: Point { x: 201.0, y: 57.0 } } }
EVENT: Window { window_id: WindowId(1), event: CursorMoved { position: Point { x: 201.0, y: 58.0 } } }
EVENT: Window { window_id: WindowId(1), event: CursorMoved { position: Point { x: 201.0, y: 58.0 } } }
EVENT: Window { window_id: WindowId(1), event: CursorMoved { position: Point { x: 201.0, y: 59.0 } } }
EVENT: Window { window_id: WindowId(1), event: CursorMoved { position: Point { x: 201.0, y: 59.0 } } }
EVENT: Window { window_id: WindowId(1), event: CursorMoved { position: Point { x: 201.0, y: 60.0 } } }
EVENT: Window { window_id: WindowId(1), event: CursorMoved { position: Point { x: 201.0, y: 60.0 } } }
EVENT: Window { window_id: WindowId(1), event: CursorMoved { position: Point { x: 201.0, y: 61.0 } } }
EVENT: Window { window_id: WindowId(1), event: CursorMoved { position: Point { x: 201.0, y: 61.0 } } }
EVENT: Window { window_id: WindowId(1), event: CursorMoved { position: Point { x: 201.0, y: 62.0 } } }
EVENT: Window { window_id: WindowId(1), event: CursorMoved { position: Point { x: 201.0, y: 63.0 } } }
EVENT: Window { window_id: WindowId(1), event: CursorMoved { position: Point { x: 201.0, y: 63.0 } } }
EVENT: Window { window_id: WindowId(1), event: CursorMoved { position: Point { x: 201.0, y: 64.0 } } }
EVENT: Window { window_id: WindowId(1), event: CursorMoved { position: Point { x: 201.0, y: 64.0 } } }
EVENT: Window { window_id: WindowId(1), event: CursorMoved { position: Point { x: 201.0, y: 65.0 } } }
EVENT: Window { window_id: WindowId(1), event: CursorMoved { position: Point { x: 201.0, y: 65.0 } } }
EVENT: Window { window_id: WindowId(1), event: CursorMoved { position: Point { x: 202.0, y: 65.0 } } }
EVENT: Window { window_id: WindowId(1), event: CursorMoved { position: Point { x: 202.0, y: 65.0 } } }
EVENT: Window { window_id: WindowId(1), event: CursorMoved { position: Point { x: 203.0, y: 64.0 } } }
EVENT: Window { window_id: WindowId(1), event: CursorMoved { position: Point { x: 203.0, y: 64.0 } } }
EVENT: Window { window_id: WindowId(1), event: CursorMoved { position: Point { x: 204.0, y: 64.0 } } }
EVENT: Window { window_id: WindowId(1), event: CursorMoved { position: Point { x: 204.0, y: 64.0 } } }
EVENT: Window { window_id: WindowId(1), event: CursorMoved { position: Point { x: 205.0, y: 64.0 } } }
EVENT: Window { window_id: WindowId(1), event: CursorMoved { position: Point { x: 205.0, y: 64.0 } } }
EVENT: Window { window_id: WindowId(1), event: CursorMoved { position: Point { x: 206.0, y: 64.0 } } }
EVENT: Window { window_id: WindowId(1), event: CursorMoved { position: Point { x: 206.0, y: 64.0 } } }
EVENT: Window { window_id: WindowId(1), event: CursorMoved { position: Point { x: 207.0, y: 63.0 } } }
EVENT: Window { window_id: WindowId(1), event: CursorMoved { position: Point { x: 208.0, y: 63.0 } } }
EVENT: Window { window_id: WindowId(1), event: CursorMoved { position: Point { x: 209.0, y: 63.0 } } }
EVENT: Window { window_id: WindowId(1), event: CursorMoved { position: Point { x: 211.0, y: 63.0 } } }
EVENT: Window { window_id: WindowId(1), event: CursorMoved { position: Point { x: 212.0, y: 63.0 } } }
EVENT: Window { window_id: WindowId(1), event: CursorMoved { position: Point { x: 213.0, y: 63.0 } } }
EVENT: Window { window_id: WindowId(1), event: CursorMoved { position: Point { x: 214.0, y: 63.0 } } }
EVENT: Window { window_id: WindowId(1), event: CursorMoved { position: Point { x: 216.0, y: 63.0 } } }
EVENT: Window { window_id: WindowId(1), event: CursorMoved { position: Point { x: 217.0, y: 63.0 } } }
EVENT: Window { window_id: WindowId(1), event: CursorMoved { position: Point { x: 219.0, y: 63.0 } } }
EVENT: Window { window_id: WindowId(1), event: CursorMoved { position: Point { x: 220.0, y: 63.0 } } }
EVENT: Window { window_id: WindowId(1), event: CursorMoved { position: Point { x: 222.0, y: 63.0 } } }
EVENT: Window { window_id: WindowId(1), event: CursorMoved { position: Point { x: 224.0, y: 64.0 } } }
EVENT: Window { window_id: WindowId(1), event: CursorMoved { position: Point { x: 226.0, y: 64.0 } } }
EVENT: Window { window_id: WindowId(1), event: CursorMoved { position: Point { x: 228.0, y: 65.0 } } }
EVENT: Window { window_id: WindowId(1), event: CursorMoved { position: Point { x: 230.0, y: 65.0 } } }
EVENT: Window { window_id: WindowId(1), event: CursorMoved { position: Point { x: 233.0, y: 65.0 } } }
EVENT: Window { window_id: WindowId(1), event: CursorMoved { position: Point { x: 236.0, y: 65.0 } } }
EVENT: Window { window_id: WindowId(1), event: CursorMoved { position: Point { x: 238.0, y: 66.0 } } }
EVENT: Window { window_id: WindowId(1), event: CursorMoved { position: Point { x: 241.0, y: 66.0 } } }
EVENT: Window { window_id: WindowId(1), event: CursorMoved { position: Point { x: 243.0, y: 66.0 } } }
EVENT: Window { window_id: WindowId(1), event: CursorMoved { position: Point { x: 246.0, y: 67.0 } } }
EVENT: Window { window_id: WindowId(1), event: CursorMoved { position: Point { x: 249.0, y: 67.0 } } }
EVENT: Window { window_id: WindowId(1), event: CursorMoved { position: Point { x: 251.0, y: 68.0 } } }
EVENT: Window { window_id: WindowId(1), event: CursorMoved { position: Point { x: 254.0, y: 68.0 } } }
EVENT: Window { window_id: WindowId(1), event: CursorMoved { position: Point { x: 257.0, y: 68.0 } } }
EVENT: Window { window_id: WindowId(1), event: CursorMoved { position: Point { x: 260.0, y: 69.0 } } }
EVENT: Window { window_id: WindowId(1), event: CursorMoved { position: Point { x: 263.0, y: 70.0 } } }
EVENT: Window { window_id: WindowId(1), event: CursorMoved { position: Point { x: 266.0, y: 71.0 } } }
EVENT: Window { window_id: WindowId(1), event: CursorMoved { position: Point { x: 270.0, y: 71.0 } } }
EVENT: Window { window_id: WindowId(1), event: CursorMoved { position: Point { x: 273.0, y: 72.0 } } }
EVENT: Window { window_id: WindowId(1), event: CursorMoved { position: Point { x: 276.0, y: 72.0 } } }
EVENT: Window { window_id: WindowId(1), event: CursorMoved { position: Point { x: 279.0, y: 73.0 } } }
EVENT: Window { window_id: WindowId(1), event: CursorMoved { position: Point { x: 283.0, y: 74.0 } } }
EVENT: Window { window_id: WindowId(1), event: CursorMoved { position: Point { x: 287.0, y: 75.0 } } }
EVENT: Window { window_id: WindowId(1), event: CursorMoved { position: Point { x: 290.0, y: 76.0 } } }
EVENT: Window { window_id: WindowId(1), event: CursorMoved { position: Point { x: 295.0, y: 76.0 } } }
EVENT: Window { window_id: WindowId(1), event: CursorMoved { position: Point { x: 299.0, y: 77.0 } } }
EVENT: Window { window_id: WindowId(1), event: CursorMoved { position: Point { x: 303.0, y: 78.0 } } }
EVENT: Window { window_id: WindowId(1), event: CursorMoved { position: Point { x: 308.0, y: 79.0 } } }
EVENT: Window { window_id: WindowId(1), event: CursorMoved { position: Point { x: 311.0, y: 80.0 } } }
EVENT: Window { window_id: WindowId(1), event: CursorMoved { position: Point { x: 315.0, y: 81.0 } } }
EVENT: Window { window_id: WindowId(1), event: CursorMoved { position: Point { x: 320.0, y: 82.0 } } }
EVENT: Window { window_id: WindowId(1), event: CursorMoved { position: Point { x: 324.0, y: 82.0 } } }
EVENT: Window { window_id: WindowId(1), event: CursorMoved { position: Point { x: 330.0, y: 83.0 } } }
EVENT: Window { window_id: WindowId(1), event: CursorMoved { position: Point { x: 334.0, y: 84.0 } } }
EVENT: Window { window_id: WindowId(1), event: CursorMoved { position: Point { x: 339.0, y: 85.0 } } }
EVENT: Window { window_id: WindowId(1), event: CursorMoved { position: Point { x: 344.0, y: 86.0 } } }
EVENT: Window { window_id: WindowId(1), event: CursorMoved { position: Point { x: 348.0, y: 87.0 } } }
EVENT: Window { window_id: WindowId(1), event: CursorMoved { position: Point { x: 354.0, y: 88.0 } } }
EVENT: Window { window_id: WindowId(1), event: CursorMoved { position: Point { x: 358.0, y: 89.0 } } }
EVENT: Window { window_id: WindowId(1), event: CursorMoved { position: Point { x: 364.0, y: 91.0 } } }
EVENT: Window { window_id: WindowId(1), event: CursorMoved { position: Point { x: 369.0, y: 92.0 } } }
EVENT: Window { window_id: WindowId(1), event: CursorMoved { position: Point { x: 374.0, y: 93.0 } } }
EVENT: Window { window_id: WindowId(1), event: CursorMoved { position: Point { x: 380.0, y: 94.0 } } }
EVENT: Window { window_id: WindowId(1), event: CursorMoved { position: Point { x: 385.0, y: 96.0 } } }
EVENT: Window { window_id: WindowId(1), event: CursorMoved { position: Point { x: 390.0, y: 97.0 } } }
EVENT: Window { window_id: WindowId(1), event: CursorMoved { position: Point { x: 395.0, y: 98.0 } } }
EVENT: Window { window_id: WindowId(1), event: CursorMoved { position: Point { x: 401.0, y: 99.0 } } }
EVENT: Window { window_id: WindowId(1), event: CursorMoved { position: Point { x: 407.0, y: 101.0 } } }
EVENT: Window { window_id: WindowId(1), event: CursorMoved { position: Point { x: 411.0, y: 102.0 } } }
EVENT: Window { window_id: WindowId(1), event: CursorMoved { position: Point { x: 417.0, y: 104.0 } } }
EVENT: Window { window_id: WindowId(1), event: CursorMoved { position: Point { x: 422.0, y: 105.0 } } }
EVENT: Window { window_id: WindowId(1), event: CursorMoved { position: Point { x: 428.0, y: 105.0 } } }
EVENT: Window { window_id: WindowId(1), event: CursorMoved { position: Point { x: 434.0, y: 107.0 } } }
EVENT: Window { window_id: WindowId(1), event: CursorMoved { position: Point { x: 439.0, y: 108.0 } } }
EVENT: Window { window_id: WindowId(1), event: CursorMoved { position: Point { x: 445.0, y: 109.0 } } }
EVENT: Window { window_id: WindowId(1), event: CursorMoved { position: Point { x: 451.0, y: 111.0 } } }
EVENT: Window { window_id: WindowId(1), event: CursorMoved { position: Point { x: 456.0, y: 112.0 } } }
EVENT: Window { window_id: WindowId(1), event: CursorMoved { position: Point { x: 462.0, y: 114.0 } } }
EVENT: Window { window_id: WindowId(1), event: CursorMoved { position: Point { x: 468.0, y: 115.0 } } }
EVENT: Window { window_id: WindowId(1), event: CursorMoved { position: Point { x: 473.0, y: 117.0 } } }
EVENT: Window { window_id: WindowId(1), event: CursorMoved { position: Point { x: 479.0, y: 118.0 } } }
EVENT: Window { window_id: WindowId(1), event: CursorMoved { position: Point { x: 483.0, y: 138.0 } } }
EVENT: Window { window_id: WindowId(1), event: CursorMoved { position: Point { x: 481.0, y: 138.0 } } }
EVENT: Window { window_id: WindowId(1), event: CursorMoved { position: Point { x: 478.0, y: 138.0 } } }
EVENT: Window { window_id: WindowId(1), event: CursorMoved { position: Point { x: 476.0, y: 137.0 } } }
EVENT: Window { window_id: WindowId(1), event: CursorMoved { position: Point { x: 474.0, y: 137.0 } } }
EVENT: Window { window_id: WindowId(1), event: CursorMoved { position: Point { x: 473.0, y: 137.0 } } }
EVENT: Window { window_id: WindowId(1), event: CursorMoved { position: Point { x: 471.0, y: 136.0 } } }
EVENT: Window { window_id: WindowId(1), event: CursorMoved { position: Point { x: 468.0, y: 136.0 } } }
EVENT: Window { window_id: WindowId(1), event: CursorMoved { position: Point { x: 467.0, y: 135.0 } } }
EVENT: Window { window_id: WindowId(1), event: CursorMoved { position: Point { x: 465.0, y: 135.0 } } }
EVENT: Window { window_id: WindowId(1), event: CursorMoved { position: Point { x: 463.0, y: 135.0 } } }
EVENT: Window { window_id: WindowId(1), event: CursorMoved { position: Point { x: 461.0, y: 135.0 } } }
EVENT: Window { window_id: WindowId(1), event: CursorMoved { position: Point { x: 458.0, y: 135.0 } } }
EVENT: Window { window_id: WindowId(1), event: CursorMoved { position: Point { x: 457.0, y: 135.0 } } }
EVENT: Window { window_id: WindowId(1), event: CursorMoved { position: Point { x: 455.0, y: 134.0 } } }
EVENT: Window { window_id: WindowId(1), event: CursorMoved { position: Point { x: 453.0, y: 133.0 } } }
EVENT: Window { window_id: WindowId(1), event: CursorMoved { position: Point { x: 451.0, y: 133.0 } } }
EVENT: Window { window_id: WindowId(1), event: CursorMoved { position: Point { x: 449.0, y: 133.0 } } }
EVENT: Window { window_id: WindowId(1), event: CursorMoved { position: Point { x: 446.0, y: 132.0 } } }
EVENT: Window { window_id: WindowId(1), event: CursorMoved { position: Point { x: 444.0, y: 132.0 } } }
EVENT: Window { window_id: WindowId(1), event: CursorMoved { position: Point { x: 442.0, y: 132.0 } } }
EVENT: Window { window_id: WindowId(1), event: CursorMoved { position: Point { x: 440.0, y: 132.0 } } }
EVENT: Window { window_id: WindowId(1), event: CursorMoved { position: Point { x: 438.0, y: 131.0 } } }
EVENT: Window { window_id: WindowId(1), event: CursorMoved { position: Point { x: 436.0, y: 131.0 } } }
EVENT: Window { window_id: WindowId(1), event: CursorMoved { position: Point { x: 433.0, y: 131.0 } } }
EVENT: Window { window_id: WindowId(1), event: CursorMoved { position: Point { x: 431.0, y: 130.0 } } }
EVENT: Window { window_id: WindowId(1), event: CursorMoved { position: Point { x: 429.0, y: 130.0 } } }
EVENT: Window { window_id: WindowId(1), event: CursorMoved { position: Point { x: 427.0, y: 130.0 } } }
EVENT: Window { window_id: WindowId(1), event: CursorMoved { position: Point { x: 425.0, y: 130.0 } } }
EVENT: Window { window_id: WindowId(1), event: CursorMoved { position: Point { x: 423.0, y: 130.0 } } }
EVENT: Window { window_id: WindowId(1), event: CursorMoved { position: Point { x: 420.0, y: 130.0 } } }
EVENT: Window { window_id: WindowId(1), event: CursorMoved { position: Point { x: 418.0, y: 130.0 } } }
EVENT: Window { window_id: WindowId(1), event: CursorMoved { position: Point { x: 416.0, y: 129.0 } } }
EVENT: Window { window_id: WindowId(1), event: CursorMoved { position: Point { x: 414.0, y: 129.0 } } }
EVENT: Window { window_id: WindowId(1), event: CursorMoved { position: Point { x: 412.0, y: 128.0 } } }
EVENT: Window { window_id: WindowId(1), event: CursorMoved { position: Point { x: 410.0, y: 128.0 } } }
EVENT: Window { window_id: WindowId(1), event: CursorMoved { position: Point { x: 407.0, y: 127.0 } } }
EVENT: Window { window_id: WindowId(1), event: CursorMoved { position: Point { x: 404.0, y: 127.0 } } }
EVENT: Window { window_id: WindowId(1), event: CursorMoved { position: Point { x: 402.0, y: 127.0 } } }
EVENT: Window { window_id: WindowId(1), event: CursorMoved { position: Point { x: 400.0, y: 127.0 } } }
EVENT: Window { window_id: WindowId(1), event: CursorMoved { position: Point { x: 398.0, y: 127.0 } } }
EVENT: Window { window_id: WindowId(1), event: CursorMoved { position: Point { x: 396.0, y: 126.0 } } }
EVENT: Window { window_id: WindowId(1), event: CursorMoved { position: Point { x: 393.0, y: 126.0 } } }
EVENT: Window { window_id: WindowId(1), event: CursorMoved { position: Point { x: 391.0, y: 125.0 } } }
EVENT: Window { window_id: WindowId(1), event: CursorMoved { position: Point { x: 388.0, y: 125.0 } } }
EVENT: Window { window_id: WindowId(1), event: CursorMoved { position: Point { x: 386.0, y: 125.0 } } }
EVENT: Window { window_id: WindowId(1), event: CursorMoved { position: Point { x: 384.0, y: 124.0 } } }
EVENT: Window { window_id: WindowId(1), event: CursorMoved { position: Point { x: 382.0, y: 124.0 } } }
EVENT: Window { window_id: WindowId(1), event: CursorMoved { position: Point { x: 380.0, y: 124.0 } } }
EVENT: Window { window_id: WindowId(1), event: CursorMoved { position: Point { x: 378.0, y: 123.0 } } }
EVENT: Window { window_id: WindowId(1), event: CursorMoved { position: Point { x: 375.0, y: 123.0 } } }
EVENT: Window { window_id: WindowId(1), event: CursorMoved { position: Point { x: 373.0, y: 123.0 } } }
EVENT: Window { window_id: WindowId(1), event: CursorMoved { position: Point { x: 371.0, y: 122.0 } } }
EVENT: Window { window_id: WindowId(1), event: CursorMoved { position: Point { x: 369.0, y: 121.0 } } }
EVENT: Window { window_id: WindowId(1), event: CursorMoved { position: Point { x: 367.0, y: 121.0 } } }
EVENT: Window { window_id: WindowId(1), event: CursorMoved { position: Point { x: 366.0, y: 121.0 } } }
EVENT: Window { window_id: WindowId(1), event: CursorMoved { position: Point { x: 363.0, y: 121.0 } } }
EVENT: Window { window_id: WindowId(1), event: CursorMoved { position: Point { x: 361.0, y: 121.0 } } }
EVENT: Window { window_id: WindowId(1), event: CursorMoved { position: Point { x: 359.0, y: 121.0 } } }
EVENT: Window { window_id: WindowId(1), event: CursorMoved { position: Point { x: 358.0, y: 120.0 } } }
EVENT: Window { window_id: WindowId(1), event: CursorMoved { position: Point { x: 355.0, y: 119.0 } } }
EVENT: Window { window_id: WindowId(1), event: CursorMoved { position: Point { x: 353.0, y: 119.0 } } }
EVENT: Window { window_id: WindowId(1), event: CursorMoved { position: Point { x: 351.0, y: 119.0 } } }
EVENT: Window { window_id: WindowId(1), event: CursorMoved { position: Point { x: 349.0, y: 119.0 } } }
EVENT: Window { window_id: WindowId(1), event: CursorMoved { position: Point { x: 347.0, y: 119.0 } } }
EVENT: Window { window_id: WindowId(1), event: CursorMoved { position: Point { x: 345.0, y: 119.0 } } }
EVENT: Window { window_id: WindowId(1), event: CursorMoved { position: Point { x: 343.0, y: 119.0 } } }
EVENT: Window { window_id: WindowId(1), event: CursorMoved { position: Point { x: 341.0, y: 118.0 } } }
EVENT: Window { window_id: WindowId(1), event: CursorMoved { position: Point { x: 340.0, y: 118.0 } } }
EVENT: Window { window_id: WindowId(1), event: CursorMoved { position: Point { x: 338.0, y: 117.0 } } }
EVENT: Window { window_id: WindowId(1), event: CursorMoved { position: Point { x: 336.0, y: 117.0 } } }
EVENT: Window { window_id: WindowId(1), event: CursorMoved { position: Point { x: 334.0, y: 116.0 } } }
EVENT: Window { window_id: WindowId(1), event: CursorMoved { position: Point { x: 332.0, y: 116.0 } } }
EVENT: Window { window_id: WindowId(1), event: CursorMoved { position: Point { x: 330.0, y: 116.0 } } }
EVENT: Window { window_id: WindowId(1), event: CursorMoved { position: Point { x: 328.0, y: 116.0 } } }
EVENT: Window { window_id: WindowId(1), event: CursorMoved { position: Point { x: 326.0, y: 115.0 } } }
EVENT: Window { window_id: WindowId(1), event: CursorMoved { position: Point { x: 325.0, y: 115.0 } } }
EVENT: Window { window_id: WindowId(1), event: CursorMoved { position: Point { x: 324.0, y: 115.0 } } }
EVENT: Window { window_id: WindowId(1), event: CursorMoved { position: Point { x: 322.0, y: 114.0 } } }
EVENT: Window { window_id: WindowId(1), event: CursorMoved { position: Point { x: 320.0, y: 114.0 } } }
EVENT: Window { window_id: WindowId(1), event: CursorMoved { position: Point { x: 317.0, y: 114.0 } } }
EVENT: Window { window_id: WindowId(1), event: CursorMoved { position: Point { x: 316.0, y: 113.0 } } }
EVENT: Window { window_id: WindowId(1), event: CursorMoved { position: Point { x: 314.0, y: 113.0 } } }
EVENT: Window { window_id: WindowId(1), event: CursorMoved { position: Point { x: 313.0, y: 113.0 } } }
EVENT: Window { window_id: WindowId(1), event: CursorMoved { position: Point { x: 311.0, y: 113.0 } } }
EVENT: Window { window_id: WindowId(1), event: CursorMoved { position: Point { x: 310.0, y: 112.0 } } }
EVENT: Window { window_id: WindowId(1), event: CursorMoved { position: Point { x: 308.0, y: 112.0 } } }
EVENT: Window { window_id: WindowId(1), event: CursorMoved { position: Point { x: 306.0, y: 112.0 } } }
EVENT: Window { window_id: WindowId(1), event: CursorMoved { position: Point { x: 305.0, y: 112.0 } } }
EVENT: Window { window_id: WindowId(1), event: CursorMoved { position: Point { x: 303.0, y: 111.0 } } }
EVENT: Window { window_id: WindowId(1), event: CursorMoved { position: Point { x: 302.0, y: 111.0 } } }
EVENT: Window { window_id: WindowId(1), event: CursorMoved { position: Point { x: 300.0, y: 111.0 } } }
EVENT: Window { window_id: WindowId(1), event: CursorMoved { position: Point { x: 299.0, y: 110.0 } } }
EVENT: Window { window_id: WindowId(1), event: CursorMoved { position: Point { x: 298.0, y: 110.0 } } }
EVENT: Window { window_id: WindowId(1), event: CursorMoved { position: Point { x: 296.0, y: 110.0 } } }
EVENT: Window { window_id: WindowId(1), event: CursorMoved { position: Point { x: 295.0, y: 109.0 } } }
EVENT: Window { window_id: WindowId(1), event: CursorMoved { position: Point { x: 294.0, y: 109.0 } } }
EVENT: Window { window_id: WindowId(1), event: CursorMoved { position: Point { x: 293.0, y: 109.0 } } }
EVENT: Window { window_id: WindowId(1), event: CursorMoved { position: Point { x: 291.0, y: 109.0 } } }
EVENT: Window { window_id: WindowId(1), event: CursorMoved { position: Point { x: 289.0, y: 109.0 } } }
EVENT: Window { window_id: WindowId(1), event: CursorMoved { position: Point { x: 288.0, y: 109.0 } } }
EVENT: Window { window_id: WindowId(1), event: CursorMoved { position: Point { x: 286.0, y: 108.0 } } }
EVENT: Window { window_id: WindowId(1), event: CursorMoved { position: Point { x: 285.0, y: 108.0 } } }
EVENT: Window { window_id: WindowId(1), event: CursorMoved { position: Point { x: 285.0, y: 108.0 } } }
EVENT: Window { window_id: WindowId(1), event: CursorMoved { position: Point { x: 283.0, y: 107.0 } } }
EVENT: Window { window_id: WindowId(1), event: CursorMoved { position: Point { x: 282.0, y: 107.0 } } }
EVENT: Window { window_id: WindowId(1), event: CursorMoved { position: Point { x: 281.0, y: 107.0 } } }
EVENT: Window { window_id: WindowId(1), event: CursorMoved { position: Point { x: 280.0, y: 107.0 } } }
EVENT: Window { window_id: WindowId(1), event: CursorMoved { position: Point { x: 279.0, y: 107.0 } } }
EVENT: Window { window_id: WindowId(1), event: CursorMoved { position: Point { x: 278.0, y: 107.0 } } }
EVENT: Window { window_id: WindowId(1), event: CursorMoved { position: Point { x: 277.0, y: 107.0 } } }
EVENT: Window { window_id: WindowId(1), event: CursorMoved { position: Point { x: 277.0, y: 107.0 } } }
EVENT: Window { window_id: WindowId(1), event: CursorMoved { position: Point { x: 275.0, y: 106.0 } } }
EVENT: Window { window_id: WindowId(1), event: CursorMoved { position: Point { x: 274.0, y: 106.0 } } }
EVENT: Window { window_id: WindowId(1), event: CursorMoved { position: Point { x: 274.0, y: 106.0 } } }
EVENT: Window { window_id: WindowId(1), event: CursorMoved { position: Point { x: 273.0, y: 106.0 } } }
EVENT: Window { window_id: WindowId(1), event: CursorMoved { position: Point { x: 272.0, y: 106.0 } } }
EVENT: Window { window_id: WindowId(1), event: CursorMoved { position: Point { x: 271.0, y: 106.0 } } }
EVENT: Window { window_id: WindowId(1), event: CursorMoved { position: Point { x: 270.0, y: 106.0 } } }
EVENT: Window { window_id: WindowId(1), event: CursorMoved { position: Point { x: 269.0, y: 105.0 } } }
EVENT: Window { window_id: WindowId(1), event: CursorMoved { position: Point { x: 268.0, y: 105.0 } } }
EVENT: Window { window_id: WindowId(1), event: CursorMoved { position: Point { x: 268.0, y: 105.0 } } }
EVENT: Window { window_id: WindowId(1), event: CursorMoved { position: Point { x: 267.0, y: 105.0 } } }
EVENT: Window { window_id: WindowId(1), event: CursorMoved { position: Point { x: 266.0, y: 105.0 } } }
EVENT: Window { window_id: WindowId(1), event: CursorMoved { position: Point { x: 265.0, y: 104.0 } } }
EVENT: Window { window_id: WindowId(1), event: CursorMoved { position: Point { x: 265.0, y: 104.0 } } }
EVENT: Window { window_id: WindowId(1), event: CursorMoved { position: Point { x: 263.0, y: 104.0 } } }
EVENT: Window { window_id: WindowId(1), event: CursorMoved { position: Point { x: 263.0, y: 104.0 } } }
EVENT: Window { window_id: WindowId(1), event: CursorMoved { position: Point { x: 262.0, y: 104.0 } } }
EVENT: Window { window_id: WindowId(1), event: CursorMoved { position: Point { x: 262.0, y: 104.0 } } }
EVENT: Window { window_id: WindowId(1), event: CursorMoved { position: Point { x: 260.0, y: 104.0 } } }
EVENT: Window { window_id: WindowId(1), event: CursorMoved { position: Point { x: 260.0, y: 104.0 } } }
EVENT: Window { window_id: WindowId(1), event: CursorMoved { position: Point { x: 259.0, y: 104.0 } } }
EVENT: Window { window_id: WindowId(1), event: CursorMoved { position: Point { x: 259.0, y: 104.0 } } }
EVENT: Window { window_id: WindowId(1), event: CursorMoved { position: Point { x: 258.0, y: 104.0 } } }
EVENT: Window { window_id: WindowId(1), event: CursorMoved { position: Point { x: 258.0, y: 104.0 } } }
EVENT: Window { window_id: WindowId(1), event: CursorMoved { position: Point { x: 257.0, y: 103.0 } } }
EVENT: Window { window_id: WindowId(1), event: CursorMoved { position: Point { x: 257.0, y: 103.0 } } }
EVENT: Window { window_id: WindowId(1), event: CursorMoved { position: Point { x: 256.0, y: 103.0 } } }
EVENT: Window { window_id: WindowId(1), event: CursorMoved { position: Point { x: 255.0, y: 103.0 } } }
EVENT: Window { window_id: WindowId(1), event: CursorMoved { position: Point { x: 255.0, y: 103.0 } } }
EVENT: Window { window_id: WindowId(1), event: CursorMoved { position: Point { x: 254.0, y: 103.0 } } }
EVENT: Window { window_id: WindowId(1), event: CursorMoved { position: Point { x: 254.0, y: 103.0 } } }
EVENT: Window { window_id: WindowId(1), event: CursorMoved { position: Point { x: 253.0, y: 103.0 } } }
EVENT: Window { window_id: WindowId(1), event: CursorMoved { position: Point { x: 253.0, y: 103.0 } } }
EVENT: Window { window_id: WindowId(1), event: CursorMoved { position: Point { x: 252.0, y: 103.0 } } }
EVENT: Window { window_id: WindowId(1), event: CursorMoved { position: Point { x: 251.0, y: 103.0 } } }
EVENT: Window { window_id: WindowId(1), event: CursorMoved { position: Point { x: 251.0, y: 102.0 } } }
EVENT: Window { window_id: WindowId(1), event: CursorMoved { position: Point { x: 250.0, y: 102.0 } } }
EVENT: Window { window_id: WindowId(1), event: CursorMoved { position: Point { x: 250.0, y: 102.0 } } }
EVENT: Window { window_id: WindowId(1), event: CursorMoved { position: Point { x: 249.0, y: 102.0 } } }
EVENT: Window { window_id: WindowId(1), event: CursorMoved { position: Point { x: 249.0, y: 102.0 } } }
EVENT: Window { window_id: WindowId(1), event: CursorMoved { position: Point { x: 248.0, y: 102.0 } } }
EVENT: Window { window_id: WindowId(1), event: CursorMoved { position: Point { x: 247.0, y: 102.0 } } }
EVENT: Window { window_id: WindowId(1), event: CursorMoved { position: Point { x: 247.0, y: 102.0 } } }
EVENT: Window { window_id: WindowId(1), event: CursorMoved { position: Point { x: 247.0, y: 102.0 } } }
EVENT: Window { window_id: WindowId(1), event: CursorMoved { position: Point { x: 246.0, y: 102.0 } } }
EVENT: Window { window_id: WindowId(1), event: CursorMoved { position: Point { x: 246.0, y: 102.0 } } }
EVENT: Window { window_id: WindowId(1), event: CursorMoved { position: Point { x: 245.0, y: 102.0 } } }
EVENT: Window { window_id: WindowId(1), event: CursorMoved { position: Point { x: 245.0, y: 102.0 } } }
EVENT: Window { window_id: WindowId(1), event: CursorMoved { position: Point { x: 244.0, y: 102.0 } } }
EVENT: Window { window_id: WindowId(1), event: CursorMoved { position: Point { x: 243.0, y: 102.0 } } }
EVENT: Window { window_id: WindowId(1), event: CursorMoved { position: Point { x: 243.0, y: 101.0 } } }
EVENT: Window { window_id: WindowId(1), event: CursorMoved { position: Point { x: 242.0, y: 101.0 } } }
EVENT: Window { window_id: WindowId(1), event: CursorMoved { position: Point { x: 242.0, y: 101.0 } } }
EVENT: Window { window_id: WindowId(1), event: CursorMoved { position: Point { x: 241.0, y: 101.0 } } }
EVENT: Window { window_id: WindowId(1), event: CursorMoved { position: Point { x: 241.0, y: 100.0 } } }
EVENT: Window { window_id: WindowId(1), event: CursorMoved { position: Point { x: 240.0, y: 100.0 } } }
EVENT: Window { window_id: WindowId(1), event: CursorMoved { position: Point { x: 239.0, y: 100.0 } } }
EVENT: Window { window_id: WindowId(1), event: CursorMoved { position: Point { x: 239.0, y: 100.0 } } }
EVENT: Window { window_id: WindowId(1), event: CursorMoved { position: Point { x: 238.0, y: 100.0 } } }
EVENT: Window { window_id: WindowId(1), event: CursorMoved { position: Point { x: 238.0, y: 100.0 } } }
EVENT: Window { window_id: WindowId(1), event: CursorMoved { position: Point { x: 237.0, y: 100.0 } } }
EVENT: Window { window_id: WindowId(1), event: CursorMoved { position: Point { x: 237.0, y: 100.0 } } }
EVENT: Window { window_id: WindowId(1), event: CursorMoved { position: Point { x: 236.0, y: 100.0 } } }
EVENT: Window { window_id: WindowId(1), event: CursorMoved { position: Point { x: 235.0, y: 100.0 } } }
EVENT: Window { window_id: WindowId(1), event: CursorMoved { position: Point { x: 235.0, y: 100.0 } } }
EVENT: Window { window_id: WindowId(1), event: CursorMoved { position: Point { x: 234.0, y: 99.0 } } }
EVENT: Window { window_id: WindowId(1), event: CursorMoved { position: Point { x: 234.0, y: 99.0 } } }
EVENT: Window { window_id: WindowId(1), event: CursorMoved { position: Point { x: 233.0, y: 99.0 } } }
EVENT: Window { window_id: WindowId(1), event: CursorMoved { position: Point { x: 233.0, y: 99.0 } } }
EVENT: Window { window_id: WindowId(1), event: CursorMoved { position: Point { x: 232.0, y: 99.0 } } }
EVENT: Window { window_id: WindowId(1), event: CursorMoved { position: Point { x: 231.0, y: 99.0 } } }
EVENT: Window { window_id: WindowId(1), event: CursorMoved { position: Point { x: 231.0, y: 99.0 } } }
EVENT: Window { window_id: WindowId(1), event: CursorMoved { position: Point { x: 230.0, y: 99.0 } } }
EVENT: Window { window_id: WindowId(1), event: CursorMoved { position: Point { x: 230.0, y: 99.0 } } }
EVENT: Window { window_id: WindowId(1), event: CursorMoved { position: Point { x: 229.0, y: 99.0 } } }
EVENT: Window { window_id: WindowId(1), event: CursorMoved { position: Point { x: 229.0, y: 98.0 } } }
EVENT: Window { window_id: WindowId(1), event: CursorMoved { position: Point { x: 228.0, y: 98.0 } } }
EVENT: Window { window_id: WindowId(1), event: CursorMoved { position: Point { x: 227.0, y: 98.0 } } }
EVENT: Window { window_id: WindowId(1), event: CursorMoved { position: Point { x: 227.0, y: 98.0 } } }
EVENT: Window { window_id: WindowId(1), event: CursorMoved { position: Point { x: 226.0, y: 98.0 } } }
EVENT: Window { window_id: WindowId(1), event: CursorMoved { position: Point { x: 226.0, y: 98.0 } } }
EVENT: Window { window_id: WindowId(1), event: CursorMoved { position: Point { x: 225.0, y: 98.0 } } }
EVENT: Window { window_id: WindowId(1), event: CursorMoved { position: Point { x: 225.0, y: 98.0 } } }
EVENT: Window { window_id: WindowId(1), event: CursorMoved { position: Point { x: 224.0, y: 98.0 } } }
EVENT: Window { window_id: WindowId(1), event: CursorMoved { position: Point { x: 224.0, y: 98.0 } } }
EVENT: Window { window_id: WindowId(1), event: CursorMoved { position: Point { x: 223.0, y: 98.0 } } }
EVENT: Window { window_id: WindowId(1), event: CursorMoved { position: Point { x: 222.0, y: 98.0 } } }
EVENT: Window { window_id: WindowId(1), event: CursorMoved { position: Point { x: 222.0, y: 98.0 } } }
EVENT: Window { window_id: WindowId(1), event: CursorMoved { position: Point { x: 221.0, y: 98.0 } } }
EVENT: Window { window_id: WindowId(1), event: CursorMoved { position: Point { x: 221.0, y: 98.0 } } }
EVENT: Window { window_id: WindowId(1), event: CursorMoved { position: Point { x: 220.0, y: 98.0 } } }
EVENT: Window { window_id: WindowId(1), event: CursorMoved { position: Point { x: 220.0, y: 98.0 } } }
EVENT: Window { window_id: WindowId(1), event: CursorMoved { position: Point { x: 219.0, y: 97.0 } } }
EVENT: Window { window_id: WindowId(1), event: CursorMoved { position: Point { x: 218.0, y: 97.0 } } }
EVENT: Window { window_id: WindowId(1), event: CursorMoved { position: Point { x: 218.0, y: 97.0 } } }
EVENT: Window { window_id: WindowId(1), event: CursorMoved { position: Point { x: 217.0, y: 97.0 } } }
EVENT: Window { window_id: WindowId(1), event: CursorMoved { position: Point { x: 217.0, y: 97.0 } } }
EVENT: Window { window_id: WindowId(1), event: CursorMoved { position: Point { x: 216.0, y: 97.0 } } }
EVENT: Window { window_id: WindowId(1), event: CursorMoved { position: Point { x: 216.0, y: 96.0 } } }
EVENT: Window { window_id: WindowId(1), event: CursorMoved { position: Point { x: 215.0, y: 96.0 } } }
EVENT: Window { window_id: WindowId(1), event: CursorMoved { position: Point { x: 214.0, y: 96.0 } } }
EVENT: Window { window_id: WindowId(1), event: CursorMoved { position: Point { x: 214.0, y: 96.0 } } }
EVENT: Window { window_id: WindowId(1), event: CursorMoved { position: Point { x: 213.0, y: 96.0 } } }
EVENT: Window { window_id: WindowId(1), event: CursorMoved { position: Point { x: 213.0, y: 96.0 } } }
EVENT: Window { window_id: WindowId(1), event: CursorMoved { position: Point { x: 212.0, y: 96.0 } } }
EVENT: Window { window_id: WindowId(1), event: CursorMoved { position: Point { x: 211.0, y: 96.0 } } }
EVENT: Window { window_id: WindowId(1), event: CursorMoved { position: Point { x: 210.0, y: 96.0 } } }
EVENT: Window { window_id: WindowId(1), event: CursorMoved { position: Point { x: 209.0, y: 96.0 } } }
EVENT: Window { window_id: WindowId(1), event: CursorMoved { position: Point { x: 209.0, y: 96.0 } } }
EVENT: Window { window_id: WindowId(1), event: CursorMoved { position: Point { x: 208.0, y: 96.0 } } }
EVENT: Window { window_id: WindowId(1), event: CursorMoved { position: Point { x: 207.0, y: 96.0 } } }
EVENT: Window { window_id: WindowId(1), event: CursorMoved { position: Point { x: 207.0, y: 96.0 } } }
EVENT: Window { window_id: WindowId(1), event: CursorMoved { position: Point { x: 206.0, y: 96.0 } } }
EVENT: Window { window_id: WindowId(1), event: CursorMoved { position: Point { x: 206.0, y: 96.0 } } }
EVENT: Window { window_id: WindowId(1), event: CursorMoved { position: Point { x: 205.0, y: 96.0 } } }
EVENT: Window { window_id: WindowId(1), event: CursorMoved { position: Point { x: 205.0, y: 96.0 } } }
EVENT: Window { window_id: WindowId(1), event: CursorMoved { position: Point { x: 204.0, y: 96.0 } } }
EVENT: Window { window_id: WindowId(1), event: CursorMoved { position: Point { x: 203.0, y: 96.0 } } }
EVENT: Window { window_id: WindowId(1), event: CursorMoved { position: Point { x: 203.0, y: 96.0 } } }
EVENT: Window { window_id: WindowId(1), event: CursorMoved { position: Point { x: 202.0, y: 96.0 } } }
EVENT: Window { window_id: WindowId(1), event: CursorMoved { position: Point { x: 201.0, y: 96.0 } } }
EVENT: Window { window_id: WindowId(1), event: CursorMoved { position: Point { x: 201.0, y: 96.0 } } }
EVENT: Window { window_id: WindowId(1), event: CursorMoved { position: Point { x: 200.0, y: 96.0 } } }
EVENT: Window { window_id: WindowId(1), event: CursorMoved { position: Point { x: 199.0, y: 96.0 } } }
EVENT: Window { window_id: WindowId(1), event: CursorMoved { position: Point { x: 199.0, y: 96.0 } } }
EVENT: Window { window_id: WindowId(1), event: CursorMoved { position: Point { x: 198.0, y: 96.0 } } }
EVENT: Window { window_id: WindowId(1), event: CursorMoved { position: Point { x: 198.0, y: 96.0 } } }
EVENT: Window { window_id: WindowId(1), event: CursorMoved { position: Point { x: 197.0, y: 96.0 } } }
EVENT: Window { window_id: WindowId(1), event: CursorMoved { position: Point { x: 197.0, y: 96.0 } } }
EVENT: Window { window_id: WindowId(1), event: CursorMoved { position: Point { x: 196.0, y: 96.0 } } }
EVENT: Window { window_id: WindowId(1), event: CursorMoved { position: Point { x: 195.0, y: 96.0 } } }
EVENT: Window { window_id: WindowId(1), event: CursorMoved { position: Point { x: 195.0, y: 96.0 } } }
EVENT: Window { window_id: WindowId(1), event: CursorMoved { position: Point { x: 194.0, y: 95.0 } } }
EVENT: Window { window_id: WindowId(1), event: CursorMoved { position: Point { x: 194.0, y: 95.0 } } }
EVENT: Window { window_id: WindowId(1), event: CursorMoved { position: Point { x: 193.0, y: 95.0 } } }
EVENT: Window { window_id: WindowId(1), event: CursorMoved { position: Point { x: 193.0, y: 95.0 } } }
EVENT: Window { window_id: WindowId(1), event: CursorMoved { position: Point { x: 192.0, y: 95.0 } } }
EVENT: Window { window_id: WindowId(1), event: CursorMoved { position: Point { x: 191.0, y: 95.0 } } }
EVENT: Window { window_id: WindowId(1), event: CursorMoved { position: Point { x: 191.0, y: 95.0 } } }
EVENT: Window { window_id: WindowId(1), event: CursorMoved { position: Point { x: 190.0, y: 95.0 } } }
EVENT: Window { window_id: WindowId(1), event: CursorMoved { position: Point { x: 190.0, y: 95.0 } } }
EVENT: Window { window_id: WindowId(1), event: CursorMoved { position: Point { x: 189.0, y: 95.0 } } }
EVENT: Window { window_id: WindowId(1), event: CursorMoved { position: Point { x: 189.0, y: 95.0 } } }
EVENT: Window { window_id: WindowId(1), event: CursorMoved { position: Point { x: 188.0, y: 95.0 } } }
EVENT: Window { window_id: WindowId(1), event: CursorMoved { position: Point { x: 187.0, y: 95.0 } } }
EVENT: Window { window_id: WindowId(1), event: CursorMoved { position: Point { x: 187.0, y: 95.0 } } }
EVENT: Window { window_id: WindowId(1), event: CursorMoved { position: Point { x: 187.0, y: 95.0 } } }
EVENT: Window { window_id: WindowId(1), event: CursorMoved { position: Point { x: 186.0, y: 95.0 } } }
EVENT: Window { window_id: WindowId(1), event: CursorMoved { position: Point { x: 186.0, y: 95.0 } } }
EVENT: Window { window_id: WindowId(1), event: CursorMoved { position: Point { x: 185.0, y: 95.0 } } }
EVENT: Window { window_id: WindowId(1), event: CursorMoved { position: Point { x: 185.0, y: 95.0 } } }
EVENT: Window { window_id: WindowId(1), event: CursorMoved { position: Point { x: 184.0, y: 95.0 } } }
EVENT: Window { window_id: WindowId(1), event: CursorMoved { position: Point { x: 183.0, y: 95.0 } } }
EVENT: Window { window_id: WindowId(1), event: CursorMoved { position: Point { x: 183.0, y: 95.0 } } }
EVENT: Window { window_id: WindowId(1), event: CursorMoved { position: Point { x: 182.0, y: 94.0 } } }
EVENT: Window { window_id: WindowId(1), event: CursorMoved { position: Point { x: 182.0, y: 94.0 } } }
EVENT: Window { window_id: WindowId(1), event: CursorMoved { position: Point { x: 181.0, y: 94.0 } } }
EVENT: Window { window_id: WindowId(1), event: CursorMoved { position: Point { x: 181.0, y: 94.0 } } }
EVENT: Window { window_id: WindowId(1), event: CursorMoved { position: Point { x: 180.0, y: 94.0 } } }
EVENT: Window { window_id: WindowId(1), event: CursorMoved { position: Point { x: 180.0, y: 94.0 } } }
EVENT: Window { window_id: WindowId(1), event: CursorMoved { position: Point { x: 179.0, y: 94.0 } } }
EVENT: Window { window_id: WindowId(1), event: CursorMoved { position: Point { x: 179.0, y: 94.0 } } }
EVENT: Window { window_id: WindowId(1), event: CursorMoved { position: Point { x: 178.0, y: 94.0 } } }
EVENT: Window { window_id: WindowId(1), event: CursorMoved { position: Point { x: 178.0, y: 94.0 } } }
EVENT: Window { window_id: WindowId(1), event: CursorMoved { position: Point { x: 177.0, y: 94.0 } } }
EVENT: Window { window_id: WindowId(1), event: CursorMoved { position: Point { x: 177.0, y: 93.0 } } }
EVENT: Window { window_id: WindowId(1), event: CursorMoved { position: Point { x: 176.0, y: 93.0 } } }
EVENT: Window { window_id: WindowId(1), event: CursorMoved { position: Point { x: 176.0, y: 93.0 } } }
EVENT: Window { window_id: WindowId(1), event: CursorMoved { position: Point { x: 175.0, y: 93.0 } } }
EVENT: Window { window_id: WindowId(1), event: CursorMoved { position: Point { x: 174.0, y: 93.0 } } }
EVENT: Window { window_id: WindowId(1), event: CursorMoved { position: Point { x: 174.0, y: 93.0 } } }
EVENT: Window { window_id: WindowId(1), event: CursorMoved { position: Point { x: 173.0, y: 93.0 } } }
EVENT: Window { window_id: WindowId(1), event: CursorMoved { position: Point { x: 173.0, y: 93.0 } } }
EVENT: Window { window_id: WindowId(1), event: CursorMoved { position: Point { x: 172.0, y: 93.0 } } }
EVENT: Window { window_id: WindowId(1), event: CursorMoved { position: Point { x: 172.0, y: 92.0 } } }
EVENT: Window { window_id: WindowId(1), event: CursorMoved { position: Point { x: 172.0, y: 92.0 } } }
EVENT: Window { window_id: WindowId(1), event: CursorMoved { position: Point { x: 171.0, y: 92.0 } } }
EVENT: Window { window_id: WindowId(1), event: CursorMoved { position: Point { x: 170.0, y: 92.0 } } }
EVENT: Window { window_id: WindowId(1), event: CursorMoved { position: Point { x: 170.0, y: 92.0 } } }
EVENT: Window { window_id: WindowId(1), event: CursorMoved { position: Point { x: 170.0, y: 92.0 } } }
EVENT: Window { window_id: WindowId(1), event: CursorMoved { position: Point { x: 169.0, y: 92.0 } } }
EVENT: Window { window_id: WindowId(1), event: CursorMoved { position: Point { x: 169.0, y: 92.0 } } }
EVENT: Window { window_id: WindowId(1), event: CursorMoved { position: Point { x: 168.0, y: 92.0 } } }
EVENT: Window { window_id: WindowId(1), event: CursorMoved { position: Point { x: 168.0, y: 91.0 } } }
EVENT: Window { window_id: WindowId(1), event: CursorMoved { position: Point { x: 167.0, y: 91.0 } } }
EVENT: Window { window_id: WindowId(1), event: CursorMoved { position: Point { x: 166.0, y: 91.0 } } }
EVENT: Window { window_id: WindowId(1), event: CursorMoved { position: Point { x: 166.0, y: 91.0 } } }
EVENT: Window { window_id: WindowId(1), event: CursorMoved { position: Point { x: 165.0, y: 91.0 } } }
EVENT: Window { window_id: WindowId(1), event: CursorMoved { position: Point { x: 165.0, y: 91.0 } } }
EVENT: Window { window_id: WindowId(1), event: CursorMoved { position: Point { x: 164.0, y: 90.0 } } }
EVENT: Window { window_id: WindowId(1), event: CursorMoved { position: Point { x: 164.0, y: 90.0 } } }
EVENT: Window { window_id: WindowId(1), event: CursorMoved { position: Point { x: 163.0, y: 90.0 } } }
EVENT: Window { window_id: WindowId(1), event: CursorMoved { position: Point { x: 163.0, y: 90.0 } } }
EVENT: Window { window_id: WindowId(1), event: CursorMoved { position: Point { x: 162.0, y: 90.0 } } }
EVENT: Window { window_id: WindowId(1), event: CursorMoved { position: Point { x: 162.0, y: 90.0 } } }
EVENT: Window { window_id: WindowId(1), event: CursorMoved { position: Point { x: 161.0, y: 90.0 } } }
EVENT: Window { window_id: WindowId(1), event: CursorMoved { position: Point { x: 161.0, y: 89.0 } } }
EVENT: Window { window_id: WindowId(1), event: CursorMoved { position: Point { x: 160.0, y: 89.0 } } }
EVENT: Window { window_id: WindowId(1), event: CursorMoved { position: Point { x: 160.0, y: 89.0 } } }
EVENT: Window { window_id: WindowId(1), event: CursorMoved { position: Point { x: 159.0, y: 89.0 } } }
EVENT: Window { window_id: WindowId(1), event: CursorMoved { position: Point { x: 159.0, y: 88.0 } } }
EVENT: Window { window_id: WindowId(1), event: CursorMoved { position: Point { x: 158.0, y: 88.0 } } }
EVENT: Window { window_id: WindowId(1), event: CursorMoved { position: Point { x: 158.0, y: 88.0 } } }
EVENT: Window { window_id: WindowId(1), event: CursorMoved { position: Point { x: 157.0, y: 88.0 } } }
EVENT: Window { window_id: WindowId(1), event: CursorMoved { position: Point { x: 157.0, y: 87.0 } } }
EVENT: Window { window_id: WindowId(1), event: CursorMoved { position: Point { x: 156.0, y: 87.0 } } }
EVENT: Window { window_id: WindowId(1), event: CursorMoved { position: Point { x: 156.0, y: 87.0 } } }
EVENT: Window { window_id: WindowId(1), event: CursorMoved { position: Point { x: 156.0, y: 87.0 } } }
EVENT: Window { window_id: WindowId(1), event: CursorMoved { position: Point { x: 155.0, y: 87.0 } } }
EVENT: Window { window_id: WindowId(1), event: CursorMoved { position: Point { x: 154.0, y: 86.0 } } }
EVENT: Window { window_id: WindowId(1), event: CursorMoved { position: Point { x: 154.0, y: 86.0 } } }
EVENT: Window { window_id: WindowId(1), event: CursorMoved { position: Point { x: 153.0, y: 86.0 } } }
EVENT: Window { window_id: WindowId(1), event: CursorMoved { position: Point { x: 153.0, y: 86.0 } } }
EVENT: Window { window_id: WindowId(1), event: CursorMoved { position: Point { x: 152.0, y: 85.0 } } }
EVENT: Window { window_id: WindowId(1), event: CursorMoved { position: Point { x: 152.0, y: 85.0 } } }
EVENT: Window { window_id: WindowId(1), event: CursorMoved { position: Point { x: 151.0, y: 85.0 } } }
EVENT: Window { window_id: WindowId(1), event: CursorMoved { position: Point { x: 151.0, y: 84.0 } } }
EVENT: Window { window_id: WindowId(1), event: CursorMoved { position: Point { x: 150.0, y: 84.0 } } }
EVENT: Window { window_id: WindowId(1), event: CursorMoved { position: Point { x: 150.0, y: 84.0 } } }
EVENT: Window { window_id: WindowId(1), event: CursorMoved { position: Point { x: 149.0, y: 84.0 } } }
EVENT: Window { window_id: WindowId(1), event: CursorMoved { position: Point { x: 149.0, y: 83.0 } } }
EVENT: Window { window_id: WindowId(1), event: CursorMoved { position: Point { x: 148.0, y: 83.0 } } }
EVENT: Window { window_id: WindowId(1), event: CursorMoved { position: Point { x: 148.0, y: 83.0 } } }
EVENT: Window { window_id: WindowId(1), event: CursorMoved { position: Point { x: 147.0, y: 82.0 } } }
EVENT: Window { window_id: WindowId(1), event: CursorMoved { position: Point { x: 146.0, y: 82.0 } } }
EVENT: Window { window_id: WindowId(1), event: CursorMoved { position: Point { x: 146.0, y: 82.0 } } }
EVENT: Window { window_id: WindowId(1), event: CursorMoved { position: Point { x: 146.0, y: 82.0 } } }
EVENT: Window { window_id: WindowId(1), event: CursorMoved { position: Point { x: 145.0, y: 82.0 } } }
EVENT: Window { window_id: WindowId(1), event: CursorMoved { position: Point { x: 145.0, y: 81.0 } } }
EVENT: Window { window_id: WindowId(1), event: CursorMoved { position: Point { x: 144.0, y: 81.0 } } }
EVENT: Window { window_id: WindowId(1), event: CursorMoved { position: Point { x: 144.0, y: 81.0 } } }
EVENT: Window { window_id: WindowId(1), event: CursorMoved { position: Point { x: 144.0, y: 81.0 } } }
EVENT: Window { window_id: WindowId(1), event: CursorMoved { position: Point { x: 143.0, y: 80.0 } } }
EVENT: Window { window_id: WindowId(1), event: CursorMoved { position: Point { x: 143.0, y: 80.0 } } }
EVENT: Window { window_id: WindowId(1), event: CursorMoved { position: Point { x: 143.0, y: 79.0 } } }
EVENT: Window { window_id: WindowId(1), event: CursorMoved { position: Point { x: 142.0, y: 79.0 } } }
EVENT: Window { window_id: WindowId(1), event: CursorMoved { position: Point { x: 141.0, y: 79.0 } } }
EVENT: Window { window_id: WindowId(1), event: CursorMoved { position: Point { x: 141.0, y: 78.0 } } }
EVENT: Window { window_id: WindowId(1), event: CursorMoved { position: Point { x: 140.0, y: 78.0 } } }
EVENT: Window { window_id: WindowId(1), event: CursorMoved { position: Point { x: 140.0, y: 78.0 } } }
EVENT: Window { window_id: WindowId(1), event: CursorMoved { position: Point { x: 139.0, y: 78.0 } } }
EVENT: Window { window_id: WindowId(1), event: CursorMoved { position: Point { x: 139.0, y: 77.0 } } }
EVENT: Window { window_id: WindowId(1), event: CursorMoved { position: Point { x: 138.0, y: 77.0 } } }
EVENT: Window { window_id: WindowId(1), event: CursorMoved { position: Point { x: 138.0, y: 77.0 } } }
EVENT: Window { window_id: WindowId(1), event: CursorMoved { position: Point { x: 137.0, y: 77.0 } } }
EVENT: Window { window_id: WindowId(1), event: CursorMoved { position: Point { x: 137.0, y: 76.0 } } }
EVENT: Window { window_id: WindowId(1), event: CursorMoved { position: Point { x: 137.0, y: 76.0 } } }
EVENT: Window { window_id: WindowId(1), event: CursorMoved { position: Point { x: 136.0, y: 76.0 } } }
EVENT: Window { window_id: WindowId(1), event: CursorMoved { position: Point { x: 136.0, y: 75.0 } } }
EVENT: Window { window_id: WindowId(1), event: CursorMoved { position: Point { x: 135.0, y: 75.0 } } }
EVENT: Window { window_id: WindowId(1), event: CursorMoved { position: Point { x: 135.0, y: 75.0 } } }
EVENT: Window { window_id: WindowId(1), event: CursorMoved { position: Point { x: 134.0, y: 75.0 } } }
EVENT: Window { window_id: WindowId(1), event: CursorMoved { position: Point { x: 134.0, y: 74.0 } } }
EVENT: Window { window_id: WindowId(1), event: CursorMoved { position: Point { x: 133.0, y: 74.0 } } }
EVENT: Window { window_id: WindowId(1), event: CursorMoved { position: Point { x: 133.0, y: 74.0 } } }
EVENT: Window { window_id: WindowId(1), event: CursorMoved { position: Point { x: 133.0, y: 74.0 } } }
EVENT: Window { window_id: WindowId(1), event: CursorMoved { position: Point { x: 132.0, y: 74.0 } } }
EVENT: Window { window_id: WindowId(1), event: CursorMoved { position: Point { x: 132.0, y: 73.0 } } }
EVENT: Window { window_id: WindowId(1), event: CursorMoved { position: Point { x: 132.0, y: 73.0 } } }
EVENT: Window { window_id: WindowId(1), event: CursorMoved { position: Point { x: 132.0, y: 73.0 } } }
EVENT: Window { window_id: WindowId(1), event: CursorMoved { position: Point { x: 131.0, y: 73.0 } } }
EVENT: Window { window_id: WindowId(1), event: CursorMoved { position: Point { x: 131.0, y: 72.0 } } }
EVENT: Window { window_id: WindowId(1), event: CursorMoved { position: Point { x: 131.0, y: 72.0 } } }
EVENT: Window { window_id: WindowId(1), event: CursorMoved { position: Point { x: 130.0, y: 71.0 } } }
EVENT: Window { window_id: WindowId(1), event: CursorMoved { position: Point { x: 129.0, y: 71.0 } } }
EVENT: Window { window_id: WindowId(1), event: CursorMoved { position: Point { x: 129.0, y: 71.0 } } }
EVENT: Window { window_id: WindowId(1), event: CursorMoved { position: Point { x: 128.0, y: 71.0 } } }
EVENT: Window { window_id: WindowId(1), event: CursorMoved { position: Point { x: 128.0, y: 71.0 } } }
EVENT: Window { window_id: WindowId(1), event: CursorMoved { position: Point { x: 128.0, y: 70.0 } } }
EVENT: Window { window_id: WindowId(1), event: CursorMoved { position: Point { x: 127.0, y: 70.0 } } }
EVENT: Window { window_id: WindowId(1), event: CursorMoved { position: Point { x: 127.0, y: 70.0 } } }
EVENT: Window { window_id: WindowId(1), event: CursorMoved { position: Point { x: 127.0, y: 70.0 } } }
EVENT: Window { window_id: WindowId(1), event: CursorMoved { position: Point { x: 127.0, y: 69.0 } } }
EVENT: Window { window_id: WindowId(1), event: CursorMoved { position: Point { x: 126.0, y: 69.0 } } }
EVENT: Window { window_id: WindowId(1), event: CursorMoved { position: Point { x: 126.0, y: 69.0 } } }
EVENT: Window { window_id: WindowId(1), event: CursorMoved { position: Point { x: 125.0, y: 69.0 } } }
EVENT: Window { window_id: WindowId(1), event: CursorMoved { position: Point { x: 125.0, y: 69.0 } } }
EVENT: Window { window_id: WindowId(1), event: CursorMoved { position: Point { x: 125.0, y: 68.0 } } }
EVENT: Window { window_id: WindowId(1), event: CursorMoved { position: Point { x: 124.0, y: 68.0 } } }
EVENT: Window { window_id: WindowId(1), event: CursorMoved { position: Point { x: 124.0, y: 67.0 } } }
EVENT: Window { window_id: WindowId(1), event: CursorMoved { position: Point { x: 124.0, y: 67.0 } } }
EVENT: Window { window_id: WindowId(1), event: CursorMoved { position: Point { x: 124.0, y: 67.0 } } }
EVENT: Window { window_id: WindowId(1), event: CursorMoved { position: Point { x: 123.0, y: 67.0 } } }
EVENT: Window { window_id: WindowId(1), event: CursorMoved { position: Point { x: 123.0, y: 66.0 } } }
EVENT: Window { window_id: WindowId(1), event: CursorMoved { position: Point { x: 123.0, y: 66.0 } } }
EVENT: Window { window_id: WindowId(1), event: CursorMoved { position: Point { x: 122.0, y: 66.0 } } }
EVENT: Window { window_id: WindowId(1), event: CursorMoved { position: Point { x: 121.0, y: 65.0 } } }
EVENT: Window { window_id: WindowId(1), event: CursorMoved { position: Point { x: 121.0, y: 65.0 } } }
EVENT: Window { window_id: WindowId(1), event: CursorMoved { position: Point { x: 121.0, y: 64.0 } } }
EVENT: Window { window_id: WindowId(1), event: CursorMoved { position: Point { x: 120.0, y: 63.0 } } }
EVENT: Window { window_id: WindowId(1), event: CursorMoved { position: Point { x: 120.0, y: 63.0 } } }
EVENT: Window { window_id: WindowId(1), event: CursorMoved { position: Point { x: 120.0, y: 63.0 } } }
EVENT: Window { window_id: WindowId(1), event: CursorMoved { position: Point { x: 119.0, y: 62.0 } } }
EVENT: Window { window_id: WindowId(1), event: CursorMoved { position: Point { x: 119.0, y: 62.0 } } }
EVENT: Window { window_id: WindowId(1), event: CursorMoved { position: Point { x: 119.0, y: 62.0 } } }
EVENT: Window { window_id: WindowId(1), event: CursorMoved { position: Point { x: 119.0, y: 61.0 } } }
EVENT: Window { window_id: WindowId(1), event: CursorMoved { position: Point { x: 118.0, y: 61.0 } } }
EVENT: Window { window_id: WindowId(1), event: CursorMoved { position: Point { x: 118.0, y: 61.0 } } }
EVENT: Window { window_id: WindowId(1), event: CursorMoved { position: Point { x: 118.0, y: 60.0 } } }
EVENT: Window { window_id: WindowId(1), event: CursorMoved { position: Point { x: 117.0, y: 60.0 } } }
EVENT: Window { window_id: WindowId(1), event: CursorMoved { position: Point { x: 117.0, y: 59.0 } } }
EVENT: Window { window_id: WindowId(1), event: CursorMoved { position: Point { x: 117.0, y: 59.0 } } }
EVENT: Window { window_id: WindowId(1), event: CursorMoved { position: Point { x: 117.0, y: 59.0 } } }
EVENT: Window { window_id: WindowId(1), event: CursorMoved { position: Point { x: 117.0, y: 58.0 } } }
EVENT: Window { window_id: WindowId(1), event: CursorMoved { position: Point { x: 116.0, y: 58.0 } } }
EVENT: Window { window_id: WindowId(1), event: CursorMoved { position: Point { x: 116.0, y: 58.0 } } }
EVENT: Window { window_id: WindowId(1), event: CursorMoved { position: Point { x: 116.0, y: 57.0 } } }
EVENT: Window { window_id: WindowId(1), event: CursorMoved { position: Point { x: 116.0, y: 57.0 } } }
EVENT: Window { window_id: WindowId(1), event: CursorMoved { position: Point { x: 116.0, y: 56.0 } } }
EVENT: Window { window_id: WindowId(1), event: CursorMoved { position: Point { x: 115.0, y: 55.0 } } }
EVENT: Window { window_id: WindowId(1), event: CursorMoved { position: Point { x: 115.0, y: 55.0 } } }
EVENT: Window { window_id: WindowId(1), event: CursorMoved { position: Point { x: 115.0, y: 54.0 } } }
EVENT: Window { window_id: WindowId(1), event: CursorMoved { position: Point { x: 115.0, y: 54.0 } } }
EVENT: Window { window_id: WindowId(1), event: CursorMoved { position: Point { x: 115.0, y: 53.0 } } }
EVENT: Window { window_id: WindowId(1), event: CursorMoved { position: Point { x: 114.0, y: 53.0 } } }
EVENT: Window { window_id: WindowId(1), event: CursorMoved { position: Point { x: 114.0, y: 52.0 } } }
EVENT: Window { window_id: WindowId(1), event: CursorMoved { position: Point { x: 114.0, y: 52.0 } } }
EVENT: Window { window_id: WindowId(1), event: CursorMoved { position: Point { x: 113.0, y: 52.0 } } }
EVENT: Window { window_id: WindowId(1), event: CursorMoved { position: Point { x: 113.0, y: 51.0 } } }
EVENT: Window { window_id: WindowId(1), event: CursorMoved { position: Point { x: 113.0, y: 50.0 } } }
EVENT: Window { window_id: WindowId(1), event: CursorMoved { position: Point { x: 113.0, y: 50.0 } } }
EVENT: Window { window_id: WindowId(1), event: CursorMoved { position: Point { x: 113.0, y: 49.0 } } }
EVENT: Window { window_id: WindowId(1), event: CursorMoved { position: Point { x: 112.0, y: 49.0 } } }
EVENT: Window { window_id: WindowId(1), event: CursorMoved { position: Point { x: 112.0, y: 49.0 } } }
EVENT: Window { window_id: WindowId(1), event: CursorMoved { position: Point { x: 112.0, y: 48.0 } } }
EVENT: Window { window_id: WindowId(1), event: CursorMoved { position: Point { x: 112.0, y: 48.0 } } }
EVENT: Window { window_id: WindowId(1), event: CursorMoved { position: Point { x: 112.0, y: 47.0 } } }
EVENT: Window { window_id: WindowId(1), event: CursorMoved { position: Point { x: 112.0, y: 46.0 } } }
EVENT: Window { window_id: WindowId(1), event: CursorMoved { position: Point { x: 112.0, y: 46.0 } } }
EVENT: Window { window_id: WindowId(1), event: CursorMoved { position: Point { x: 111.0, y: 46.0 } } }
EVENT: Window { window_id: WindowId(1), event: CursorMoved { position: Point { x: 111.0, y: 46.0 } } }
EVENT: Window { window_id: WindowId(1), event: CursorMoved { position: Point { x: 111.0, y: 45.0 } } }
EVENT: Window { window_id: WindowId(1), event: CursorMoved { position: Point { x: 111.0, y: 45.0 } } }
EVENT: Window { window_id: WindowId(1), event: CursorMoved { position: Point { x: 111.0, y: 44.0 } } }
EVENT: Window { window_id: WindowId(1), event: CursorMoved { position: Point { x: 110.0, y: 44.0 } } }
EVENT: Window { window_id: WindowId(1), event: CursorMoved { position: Point { x: 110.0, y: 44.0 } } }
EVENT: Window { window_id: WindowId(1), event: CursorMoved { position: Point { x: 110.0, y: 43.0 } } }
EVENT: Window { window_id: WindowId(1), event: CursorMoved { position: Point { x: 110.0, y: 43.0 } } }
EVENT: Window { window_id: WindowId(1), event: CursorMoved { position: Point { x: 110.0, y: 42.0 } } }
EVENT: Window { window_id: WindowId(1), event: CursorMoved { position: Point { x: 110.0, y: 42.0 } } }
EVENT: Window { window_id: WindowId(1), event: CursorMoved { position: Point { x: 109.0, y: 42.0 } } }
EVENT: Window { window_id: WindowId(1), event: CursorMoved { position: Point { x: 109.0, y: 41.0 } } }
EVENT: Window { window_id: WindowId(1), event: CursorMoved { position: Point { x: 108.0, y: 41.0 } } }
EVENT: Window { window_id: WindowId(1), event: CursorMoved { position: Point { x: 108.0, y: 42.0 } } }
EVENT: Window { window_id: WindowId(1), event: CursorMoved { position: Point { x: 108.0, y: 42.0 } } }
EVENT: Window { window_id: WindowId(1), event: CursorMoved { position: Point { x: 109.0, y: 42.0 } } }
EVENT: Window { window_id: WindowId(1), event: CursorMoved { position: Point { x: 109.0, y: 43.0 } } }
EVENT: Window { window_id: WindowId(1), event: CursorMoved { position: Point { x: 110.0, y: 44.0 } } }
EVENT: Window { window_id: WindowId(1), event: CursorMoved { position: Point { x: 110.0, y: 44.0 } } }
EVENT: Window { window_id: WindowId(1), event: CursorMoved { position: Point { x: 110.0, y: 45.0 } } }
EVENT: Window { window_id: WindowId(1), event: CursorMoved { position: Point { x: 110.0, y: 45.0 } } }
EVENT: Window { window_id: WindowId(1), event: CursorMoved { position: Point { x: 110.0, y: 45.0 } } }
EVENT: Window { window_id: WindowId(1), event: CursorMoved { position: Point { x: 110.0, y: 46.0 } } }
EVENT: Window { window_id: WindowId(1), event: CursorMoved { position: Point { x: 111.0, y: 46.0 } } }
EVENT: Window { window_id: WindowId(1), event: CursorMoved { position: Point { x: 111.0, y: 46.0 } } }
EVENT: Window { window_id: WindowId(1), event: CursorMoved { position: Point { x: 111.0, y: 47.0 } } }
EVENT: Window { window_id: WindowId(1), event: CursorMoved { position: Point { x: 111.0, y: 48.0 } } }
EVENT: Window { window_id: WindowId(1), event: CursorMoved { position: Point { x: 112.0, y: 48.0 } } }
EVENT: Window { window_id: WindowId(1), event: CursorMoved { position: Point { x: 112.0, y: 49.0 } } }
EVENT: Window { window_id: WindowId(1), event: CursorMoved { position: Point { x: 113.0, y: 49.0 } } }
EVENT: Window { window_id: WindowId(1), event: CursorMoved { position: Point { x: 113.0, y: 50.0 } } }
EVENT: Window { window_id: WindowId(1), event: CursorMoved { position: Point { x: 113.0, y: 50.0 } } }
EVENT: Window { window_id: WindowId(1), event: CursorMoved { position: Point { x: 113.0, y: 50.0 } } }
EVENT: Window { window_id: WindowId(1), event: CursorMoved { position: Point { x: 114.0, y: 51.0 } } }
EVENT: Window { window_id: WindowId(1), event: CursorMoved { position: Point { x: 115.0, y: 52.0 } } }
EVENT: Window { window_id: WindowId(1), event: CursorMoved { position: Point { x: 115.0, y: 52.0 } } }
EVENT: Window { window_id: WindowId(1), event: CursorMoved { position: Point { x: 115.0, y: 53.0 } } }
EVENT: Window { window_id: WindowId(1), event: CursorMoved { position: Point { x: 115.0, y: 53.0 } } }
EVENT: Window { window_id: WindowId(1), event: CursorMoved { position: Point { x: 116.0, y: 54.0 } } }
EVENT: Window { window_id: WindowId(1), event: CursorMoved { position: Point { x: 116.0, y: 54.0 } } }
EVENT: Window { window_id: WindowId(1), event: CursorMoved { position: Point { x: 116.0, y: 54.0 } } }
EVENT: Window { window_id: WindowId(1), event: CursorMoved { position: Point { x: 116.0, y: 55.0 } } }
EVENT: Window { window_id: WindowId(1), event: CursorMoved { position: Point { x: 117.0, y: 55.0 } } }
EVENT: Window { window_id: WindowId(1), event: CursorMoved { position: Point { x: 117.0, y: 55.0 } } }
EVENT: Window { window_id: WindowId(1), event: CursorMoved { position: Point { x: 117.0, y: 56.0 } } }
EVENT: Window { window_id: WindowId(1), event: CursorMoved { position: Point { x: 118.0, y: 56.0 } } }
EVENT: Window { window_id: WindowId(1), event: CursorMoved { position: Point { x: 118.0, y: 57.0 } } }
EVENT: Window { window_id: WindowId(1), event: CursorMoved { position: Point { x: 119.0, y: 57.0 } } }
EVENT: Window { window_id: WindowId(1), event: CursorMoved { position: Point { x: 119.0, y: 58.0 } } }
EVENT: Window { window_id: WindowId(1), event: CursorMoved { position: Point { x: 119.0, y: 58.0 } } }
EVENT: Window { window_id: WindowId(1), event: CursorMoved { position: Point { x: 120.0, y: 58.0 } } }
EVENT: Window { window_id: WindowId(1), event: CursorMoved { position: Point { x: 120.0, y: 58.0 } } }
EVENT: Window { window_id: WindowId(1), event: CursorMoved { position: Point { x: 120.0, y: 59.0 } } }
EVENT: Window { window_id: WindowId(1), event: CursorMoved { position: Point { x: 120.0, y: 59.0 } } }
EVENT: Window { window_id: WindowId(1), event: CursorMoved { position: Point { x: 120.0, y: 59.0 } } }
EVENT: Window { window_id: WindowId(1), event: CursorMoved { position: Point { x: 121.0, y: 59.0 } } }
EVENT: Window { window_id: WindowId(1), event: CursorMoved { position: Point { x: 121.0, y: 59.0 } } }
EVENT: Window { window_id: WindowId(1), event: MouseInput(MouseInput { button: Left, state: Pressed, position: Point { x: 121.0, y: 59.0 }, modifiers: Modifiers { shift: false, ctrl: false, alt: false, meta: false } }) }
Click at (121, 59)
  Hit widget node: NodeId(2)
  Mapped to app node: NodeId(2)
  Focused text input
EVENT: Window { window_id: WindowId(1), event: CursorMoved { position: Point { x: 121.0, y: 59.0 } } }
EVENT: Window { window_id: WindowId(1), event: MouseInput(MouseInput { button: Left, state: Released, position: Point { x: 121.0, y: 59.0 }, modifiers: Modifiers { shift: false, ctrl: false, alt: false, meta: false } }) }
EVENT: Window { window_id: WindowId(1), event: CursorMoved { position: Point { x: 121.0, y: 60.0 } } }
EVENT: Window { window_id: WindowId(1), event: CursorMoved { position: Point { x: 122.0, y: 60.0 } } }
EVENT: Window { window_id: WindowId(1), event: CursorMoved { position: Point { x: 122.0, y: 61.0 } } }
EVENT: Window { window_id: WindowId(1), event: CursorMoved { position: Point { x: 123.0, y: 61.0 } } }
EVENT: Window { window_id: WindowId(1), event: CursorMoved { position: Point { x: 123.0, y: 62.0 } } }
EVENT: Window { window_id: WindowId(1), event: CursorMoved { position: Point { x: 123.0, y: 62.0 } } }
EVENT: Window { window_id: WindowId(1), event: CursorMoved { position: Point { x: 123.0, y: 62.0 } } }
EVENT: Window { window_id: WindowId(1), event: CursorMoved { position: Point { x: 124.0, y: 63.0 } } }
EVENT: Window { window_id: WindowId(1), event: CursorMoved { position: Point { x: 124.0, y: 63.0 } } }
EVENT: Window { window_id: WindowId(1), event: CursorMoved { position: Point { x: 124.0, y: 64.0 } } }
EVENT: Window { window_id: WindowId(1), event: CursorMoved { position: Point { x: 125.0, y: 65.0 } } }
EVENT: Window { window_id: WindowId(1), event: CursorMoved { position: Point { x: 125.0, y: 65.0 } } }
EVENT: Window { window_id: WindowId(1), event: CursorMoved { position: Point { x: 125.0, y: 66.0 } } }
EVENT: Window { window_id: WindowId(1), event: CursorMoved { position: Point { x: 126.0, y: 67.0 } } }
EVENT: Window { window_id: WindowId(1), event: CursorMoved { position: Point { x: 127.0, y: 68.0 } } }
EVENT: Window { window_id: WindowId(1), event: CursorMoved { position: Point { x: 127.0, y: 68.0 } } }
EVENT: Window { window_id: WindowId(1), event: CursorMoved { position: Point { x: 128.0, y: 69.0 } } }
EVENT: Window { window_id: WindowId(1), event: CursorMoved { position: Point { x: 128.0, y: 70.0 } } }
EVENT: Window { window_id: WindowId(1), event: CursorMoved { position: Point { x: 128.0, y: 71.0 } } }
EVENT: Window { window_id: WindowId(1), event: CursorMoved { position: Point { x: 129.0, y: 73.0 } } }
EVENT: Window { window_id: WindowId(1), event: CursorMoved { position: Point { x: 130.0, y: 73.0 } } }
EVENT: Window { window_id: WindowId(1), event: CursorMoved { position: Point { x: 130.0, y: 74.0 } } }
EVENT: Window { window_id: WindowId(1), event: CursorMoved { position: Point { x: 131.0, y: 76.0 } } }
EVENT: Window { window_id: WindowId(1), event: CursorMoved { position: Point { x: 132.0, y: 76.0 } } }
EVENT: Window { window_id: WindowId(1), event: CursorMoved { position: Point { x: 132.0, y: 78.0 } } }
EVENT: Window { window_id: WindowId(1), event: CursorMoved { position: Point { x: 133.0, y: 79.0 } } }
EVENT: Window { window_id: WindowId(1), event: CursorMoved { position: Point { x: 134.0, y: 80.0 } } }
EVENT: Window { window_id: WindowId(1), event: CursorMoved { position: Point { x: 135.0, y: 82.0 } } }
EVENT: Window { window_id: WindowId(1), event: CursorMoved { position: Point { x: 136.0, y: 82.0 } } }
EVENT: Window { window_id: WindowId(1), event: CursorMoved { position: Point { x: 136.0, y: 84.0 } } }
EVENT: Window { window_id: WindowId(1), event: CursorMoved { position: Point { x: 138.0, y: 85.0 } } }
EVENT: Window { window_id: WindowId(1), event: CursorMoved { position: Point { x: 138.0, y: 86.0 } } }
EVENT: Window { window_id: WindowId(1), event: CursorMoved { position: Point { x: 140.0, y: 88.0 } } }
EVENT: Window { window_id: WindowId(1), event: CursorMoved { position: Point { x: 140.0, y: 89.0 } } }
EVENT: Window { window_id: WindowId(1), event: CursorMoved { position: Point { x: 141.0, y: 90.0 } } }
EVENT: Window { window_id: WindowId(1), event: CursorMoved { position: Point { x: 142.0, y: 92.0 } } }
EVENT: Window { window_id: WindowId(1), event: CursorMoved { position: Point { x: 143.0, y: 93.0 } } }
EVENT: Window { window_id: WindowId(1), event: CursorMoved { position: Point { x: 144.0, y: 95.0 } } }
EVENT: Window { window_id: WindowId(1), event: CursorMoved { position: Point { x: 145.0, y: 96.0 } } }
EVENT: Window { window_id: WindowId(1), event: CursorMoved { position: Point { x: 146.0, y: 97.0 } } }
EVENT: Window { window_id: WindowId(1), event: CursorMoved { position: Point { x: 147.0, y: 99.0 } } }
EVENT: Window { window_id: WindowId(1), event: CursorMoved { position: Point { x: 147.0, y: 100.0 } } }
EVENT: Window { window_id: WindowId(1), event: CursorMoved { position: Point { x: 149.0, y: 101.0 } } }
EVENT: Window { window_id: WindowId(1), event: CursorMoved { position: Point { x: 149.0, y: 102.0 } } }
EVENT: Window { window_id: WindowId(1), event: CursorMoved { position: Point { x: 150.0, y: 104.0 } } }
EVENT: Window { window_id: WindowId(1), event: CursorMoved { position: Point { x: 151.0, y: 104.0 } } }
EVENT: Window { window_id: WindowId(1), event: CursorMoved { position: Point { x: 151.0, y: 105.0 } } }
EVENT: Window { window_id: WindowId(1), event: CursorMoved { position: Point { x: 153.0, y: 107.0 } } }
EVENT: Window { window_id: WindowId(1), event: CursorMoved { position: Point { x: 153.0, y: 108.0 } } }
EVENT: Window { window_id: WindowId(1), event: CursorMoved { position: Point { x: 154.0, y: 110.0 } } }
EVENT: Window { window_id: WindowId(1), event: CursorMoved { position: Point { x: 155.0, y: 110.0 } } }
EVENT: Window { window_id: WindowId(1), event: CursorMoved { position: Point { x: 156.0, y: 111.0 } } }
EVENT: Window { window_id: WindowId(1), event: CursorMoved { position: Point { x: 157.0, y: 112.0 } } }
EVENT: Window { window_id: WindowId(1), event: CursorMoved { position: Point { x: 157.0, y: 113.0 } } }
EVENT: Window { window_id: WindowId(1), event: CursorMoved { position: Point { x: 158.0, y: 114.0 } } }
EVENT: Window { window_id: WindowId(1), event: CursorMoved { position: Point { x: 159.0, y: 115.0 } } }
EVENT: Window { window_id: WindowId(1), event: CursorMoved { position: Point { x: 159.0, y: 116.0 } } }
EVENT: Window { window_id: WindowId(1), event: CursorMoved { position: Point { x: 160.0, y: 116.0 } } }
EVENT: Window { window_id: WindowId(1), event: CursorMoved { position: Point { x: 160.0, y: 117.0 } } }
EVENT: Window { window_id: WindowId(1), event: CursorMoved { position: Point { x: 161.0, y: 118.0 } } }
EVENT: Window { window_id: WindowId(1), event: CursorMoved { position: Point { x: 161.0, y: 118.0 } } }
EVENT: Window { window_id: WindowId(1), event: CursorMoved { position: Point { x: 162.0, y: 119.0 } } }
EVENT: Window { window_id: WindowId(1), event: CursorMoved { position: Point { x: 162.0, y: 119.0 } } }
EVENT: Window { window_id: WindowId(1), event: CursorMoved { position: Point { x: 163.0, y: 120.0 } } }
EVENT: Window { window_id: WindowId(1), event: CursorMoved { position: Point { x: 163.0, y: 121.0 } } }
EVENT: Window { window_id: WindowId(1), event: CursorMoved { position: Point { x: 164.0, y: 122.0 } } }
EVENT: Window { window_id: WindowId(1), event: CursorMoved { position: Point { x: 164.0, y: 122.0 } } }
EVENT: Window { window_id: WindowId(1), event: CursorMoved { position: Point { x: 164.0, y: 123.0 } } }
EVENT: Window { window_id: WindowId(1), event: CursorMoved { position: Point { x: 164.0, y: 123.0 } } }
EVENT: Window { window_id: WindowId(1), event: CursorMoved { position: Point { x: 165.0, y: 124.0 } } }
EVENT: Window { window_id: WindowId(1), event: CursorMoved { position: Point { x: 165.0, y: 124.0 } } }
EVENT: Window { window_id: WindowId(1), event: CursorMoved { position: Point { x: 165.0, y: 125.0 } } }
EVENT: Window { window_id: WindowId(1), event: CursorMoved { position: Point { x: 166.0, y: 126.0 } } }
EVENT: Window { window_id: WindowId(1), event: CursorMoved { position: Point { x: 166.0, y: 126.0 } } }
EVENT: Window { window_id: WindowId(1), event: CursorMoved { position: Point { x: 166.0, y: 127.0 } } }
EVENT: Window { window_id: WindowId(1), event: CursorMoved { position: Point { x: 167.0, y: 127.0 } } }
EVENT: Window { window_id: WindowId(1), event: CursorMoved { position: Point { x: 167.0, y: 127.0 } } }
EVENT: Window { window_id: WindowId(1), event: CursorMoved { position: Point { x: 167.0, y: 128.0 } } }
EVENT: Window { window_id: WindowId(1), event: CursorMoved { position: Point { x: 167.0, y: 128.0 } } }
EVENT: Window { window_id: WindowId(1), event: CursorMoved { position: Point { x: 167.0, y: 128.0 } } }
EVENT: Window { window_id: WindowId(1), event: CursorMoved { position: Point { x: 168.0, y: 128.0 } } }
EVENT: Window { window_id: WindowId(1), event: CursorMoved { position: Point { x: 167.0, y: 128.0 } } }
EVENT: Window { window_id: WindowId(1), event: CursorMoved { position: Point { x: 167.0, y: 127.0 } } }
EVENT: Window { window_id: WindowId(1), event: CursorMoved { position: Point { x: 167.0, y: 127.0 } } }
EVENT: Window { window_id: WindowId(1), event: CursorMoved { position: Point { x: 167.0, y: 127.0 } } }
EVENT: Window { window_id: WindowId(1), event: CursorMoved { position: Point { x: 167.0, y: 126.0 } } }
EVENT: Window { window_id: WindowId(1), event: CursorMoved { position: Point { x: 167.0, y: 126.0 } } }
EVENT: Window { window_id: WindowId(1), event: CursorMoved { position: Point { x: 167.0, y: 125.0 } } }
EVENT: Window { window_id: WindowId(1), event: CursorMoved { position: Point { x: 167.0, y: 124.0 } } }
EVENT: Window { window_id: WindowId(1), event: CursorMoved { position: Point { x: 167.0, y: 124.0 } } }
EVENT: Window { window_id: WindowId(1), event: CursorMoved { position: Point { x: 167.0, y: 123.0 } } }
EVENT: Window { window_id: WindowId(1), event: CursorMoved { position: Point { x: 167.0, y: 123.0 } } }
EVENT: Window { window_id: WindowId(1), event: CursorMoved { position: Point { x: 167.0, y: 122.0 } } }
EVENT: Window { window_id: WindowId(1), event: CursorMoved { position: Point { x: 168.0, y: 122.0 } } }
EVENT: Window { window_id: WindowId(1), event: CursorMoved { position: Point { x: 168.0, y: 122.0 } } }
EVENT: Window { window_id: WindowId(1), event: CursorMoved { position: Point { x: 168.0, y: 122.0 } } }
EVENT: Window { window_id: WindowId(1), event: CursorMoved { position: Point { x: 168.0, y: 121.0 } } }
EVENT: Window { window_id: WindowId(1), event: CursorMoved { position: Point { x: 168.0, y: 120.0 } } }
EVENT: Window { window_id: WindowId(1), event: CursorMoved { position: Point { x: 169.0, y: 120.0 } } }
EVENT: Window { window_id: WindowId(1), event: CursorMoved { position: Point { x: 169.0, y: 119.0 } } }
EVENT: Window { window_id: WindowId(1), event: CursorMoved { position: Point { x: 169.0, y: 119.0 } } }
EVENT: Window { window_id: WindowId(1), event: CursorMoved { position: Point { x: 169.0, y: 119.0 } } }
EVENT: Window { window_id: WindowId(1), event: CursorMoved { position: Point { x: 169.0, y: 118.0 } } }
EVENT: Window { window_id: WindowId(1), event: CursorMoved { position: Point { x: 169.0, y: 118.0 } } }
EVENT: Window { window_id: WindowId(1), event: CursorMoved { position: Point { x: 169.0, y: 117.0 } } }
EVENT: Window { window_id: WindowId(1), event: CursorMoved { position: Point { x: 169.0, y: 117.0 } } }
EVENT: Window { window_id: WindowId(1), event: CursorMoved { position: Point { x: 169.0, y: 116.0 } } }
EVENT: Window { window_id: WindowId(1), event: CursorMoved { position: Point { x: 169.0, y: 115.0 } } }
EVENT: Window { window_id: WindowId(1), event: CursorMoved { position: Point { x: 169.0, y: 115.0 } } }
EVENT: Window { window_id: WindowId(1), event: CursorMoved { position: Point { x: 169.0, y: 114.0 } } }
EVENT: Window { window_id: WindowId(1), event: CursorMoved { position: Point { x: 169.0, y: 114.0 } } }
EVENT: Window { window_id: WindowId(1), event: CursorMoved { position: Point { x: 169.0, y: 113.0 } } }
EVENT: Window { window_id: WindowId(1), event: CursorMoved { position: Point { x: 169.0, y: 113.0 } } }
EVENT: Window { window_id: WindowId(1), event: CursorMoved { position: Point { x: 169.0, y: 112.0 } } }
EVENT: Window { window_id: WindowId(1), event: CursorMoved { position: Point { x: 169.0, y: 111.0 } } }
EVENT: Window { window_id: WindowId(1), event: CursorMoved { position: Point { x: 169.0, y: 110.0 } } }
EVENT: Window { window_id: WindowId(1), event: CursorMoved { position: Point { x: 169.0, y: 110.0 } } }
EVENT: Window { window_id: WindowId(1), event: CursorMoved { position: Point { x: 170.0, y: 108.0 } } }
EVENT: Window { window_id: WindowId(1), event: CursorMoved { position: Point { x: 171.0, y: 108.0 } } }
EVENT: Window { window_id: WindowId(1), event: CursorMoved { position: Point { x: 171.0, y: 107.0 } } }
EVENT: Window { window_id: WindowId(1), event: CursorMoved { position: Point { x: 170.0, y: 107.0 } } }
EVENT: Window { window_id: WindowId(1), event: CursorMoved { position: Point { x: 170.0, y: 108.0 } } }
EVENT: Window { window_id: WindowId(1), event: CursorMoved { position: Point { x: 170.0, y: 108.0 } } }
EVENT: Window { window_id: WindowId(1), event: CursorMoved { position: Point { x: 170.0, y: 109.0 } } }
EVENT: Window { window_id: WindowId(1), event: CursorMoved { position: Point { x: 170.0, y: 109.0 } } }
EVENT: Window { window_id: WindowId(1), event: CursorMoved { position: Point { x: 171.0, y: 110.0 } } }
EVENT: Window { window_id: WindowId(1), event: CursorMoved { position: Point { x: 171.0, y: 111.0 } } }
EVENT: Window { window_id: WindowId(1), event: CursorMoved { position: Point { x: 171.0, y: 111.0 } } }
EVENT: Window { window_id: WindowId(1), event: CursorMoved { position: Point { x: 171.0, y: 112.0 } } }
EVENT: Window { window_id: WindowId(1), event: CursorMoved { position: Point { x: 171.0, y: 112.0 } } }
EVENT: Window { window_id: WindowId(1), event: CursorMoved { position: Point { x: 171.0, y: 113.0 } } }
EVENT: Window { window_id: WindowId(1), event: CursorMoved { position: Point { x: 171.0, y: 113.0 } } }
EVENT: Window { window_id: WindowId(1), event: CursorMoved { position: Point { x: 171.0, y: 114.0 } } }
EVENT: Window { window_id: WindowId(1), event: CursorMoved { position: Point { x: 171.0, y: 115.0 } } }
EVENT: Window { window_id: WindowId(1), event: CursorMoved { position: Point { x: 171.0, y: 115.0 } } }
EVENT: Window { window_id: WindowId(1), event: CursorMoved { position: Point { x: 171.0, y: 116.0 } } }
EVENT: Window { window_id: WindowId(1), event: CursorMoved { position: Point { x: 171.0, y: 116.0 } } }
EVENT: Window { window_id: WindowId(1), event: CursorMoved { position: Point { x: 171.0, y: 117.0 } } }
EVENT: Window { window_id: WindowId(1), event: CursorMoved { position: Point { x: 172.0, y: 118.0 } } }
EVENT: Window { window_id: WindowId(1), event: CursorMoved { position: Point { x: 172.0, y: 119.0 } } }
EVENT: Window { window_id: WindowId(1), event: CursorMoved { position: Point { x: 172.0, y: 119.0 } } }
EVENT: Window { window_id: WindowId(1), event: CursorMoved { position: Point { x: 172.0, y: 120.0 } } }
EVENT: Window { window_id: WindowId(1), event: CursorMoved { position: Point { x: 172.0, y: 121.0 } } }
EVENT: Window { window_id: WindowId(1), event: CursorMoved { position: Point { x: 172.0, y: 122.0 } } }
EVENT: Window { window_id: WindowId(1), event: CursorMoved { position: Point { x: 172.0, y: 122.0 } } }
EVENT: Window { window_id: WindowId(1), event: CursorMoved { position: Point { x: 172.0, y: 123.0 } } }
EVENT: Window { window_id: WindowId(1), event: CursorMoved { position: Point { x: 172.0, y: 124.0 } } }
EVENT: Window { window_id: WindowId(1), event: CursorMoved { position: Point { x: 173.0, y: 125.0 } } }
EVENT: Window { window_id: WindowId(1), event: CursorMoved { position: Point { x: 173.0, y: 126.0 } } }
EVENT: Window { window_id: WindowId(1), event: CursorMoved { position: Point { x: 173.0, y: 126.0 } } }
EVENT: Window { window_id: WindowId(1), event: CursorMoved { position: Point { x: 173.0, y: 128.0 } } }
EVENT: Window { window_id: WindowId(1), event: CursorMoved { position: Point { x: 173.0, y: 128.0 } } }
EVENT: Window { window_id: WindowId(1), event: CursorMoved { position: Point { x: 173.0, y: 129.0 } } }
EVENT: Window { window_id: WindowId(1), event: CursorMoved { position: Point { x: 173.0, y: 129.0 } } }
EVENT: Window { window_id: WindowId(1), event: CursorMoved { position: Point { x: 173.0, y: 130.0 } } }
EVENT: Window { window_id: WindowId(1), event: CursorMoved { position: Point { x: 173.0, y: 131.0 } } }
EVENT: Window { window_id: WindowId(1), event: CursorMoved { position: Point { x: 173.0, y: 132.0 } } }
EVENT: Window { window_id: WindowId(1), event: CursorMoved { position: Point { x: 173.0, y: 133.0 } } }
EVENT: Window { window_id: WindowId(1), event: CursorMoved { position: Point { x: 174.0, y: 134.0 } } }
EVENT: Window { window_id: WindowId(1), event: CursorMoved { position: Point { x: 174.0, y: 135.0 } } }
EVENT: Window { window_id: WindowId(1), event: CursorMoved { position: Point { x: 174.0, y: 136.0 } } }
EVENT: Window { window_id: WindowId(1), event: CursorMoved { position: Point { x: 174.0, y: 137.0 } } }
EVENT: Window { window_id: WindowId(1), event: CursorMoved { position: Point { x: 174.0, y: 138.0 } } }
EVENT: Window { window_id: WindowId(1), event: CursorMoved { position: Point { x: 174.0, y: 139.0 } } }
EVENT: Window { window_id: WindowId(1), event: CursorMoved { position: Point { x: 174.0, y: 140.0 } } }
EVENT: Window { window_id: WindowId(1), event: CursorMoved { position: Point { x: 174.0, y: 141.0 } } }
EVENT: Window { window_id: WindowId(1), event: CursorMoved { position: Point { x: 174.0, y: 141.0 } } }
EVENT: Window { window_id: WindowId(1), event: CursorMoved { position: Point { x: 174.0, y: 142.0 } } }
EVENT: Window { window_id: WindowId(1), event: CursorMoved { position: Point { x: 174.0, y: 143.0 } } }
EVENT: Window { window_id: WindowId(1), event: CursorMoved { position: Point { x: 174.0, y: 144.0 } } }
EVENT: Window { window_id: WindowId(1), event: CursorMoved { position: Point { x: 174.0, y: 145.0 } } }
EVENT: Window { window_id: WindowId(1), event: CursorMoved { position: Point { x: 174.0, y: 145.0 } } }
EVENT: Window { window_id: WindowId(1), event: CursorMoved { position: Point { x: 174.0, y: 146.0 } } }
EVENT: Window { window_id: WindowId(1), event: CursorMoved { position: Point { x: 174.0, y: 147.0 } } }
EVENT: Window { window_id: WindowId(1), event: CursorMoved { position: Point { x: 174.0, y: 148.0 } } }
EVENT: Window { window_id: WindowId(1), event: CursorMoved { position: Point { x: 174.0, y: 148.0 } } }
EVENT: Window { window_id: WindowId(1), event: CursorMoved { position: Point { x: 174.0, y: 150.0 } } }
EVENT: Window { window_id: WindowId(1), event: CursorMoved { position: Point { x: 174.0, y: 150.0 } } }
EVENT: Window { window_id: WindowId(1), event: CursorMoved { position: Point { x: 174.0, y: 151.0 } } }
EVENT: Window { window_id: WindowId(1), event: CursorMoved { position: Point { x: 174.0, y: 152.0 } } }
EVENT: Window { window_id: WindowId(1), event: CursorMoved { position: Point { x: 174.0, y: 152.0 } } }
EVENT: Window { window_id: WindowId(1), event: CursorMoved { position: Point { x: 174.0, y: 153.0 } } }
EVENT: Window { window_id: WindowId(1), event: CursorMoved { position: Point { x: 174.0, y: 154.0 } } }
EVENT: Window { window_id: WindowId(1), event: CursorMoved { position: Point { x: 174.0, y: 155.0 } } }
EVENT: Window { window_id: WindowId(1), event: CursorMoved { position: Point { x: 174.0, y: 155.0 } } }
EVENT: Window { window_id: WindowId(1), event: CursorMoved { position: Point { x: 174.0, y: 157.0 } } }
EVENT: Window { window_id: WindowId(1), event: CursorMoved { position: Point { x: 174.0, y: 157.0 } } }
EVENT: Window { window_id: WindowId(1), event: CursorMoved { position: Point { x: 174.0, y: 158.0 } } }
EVENT: Window { window_id: WindowId(1), event: CursorMoved { position: Point { x: 174.0, y: 158.0 } } }
EVENT: Window { window_id: WindowId(1), event: CursorMoved { position: Point { x: 174.0, y: 159.0 } } }
EVENT: Window { window_id: WindowId(1), event: CursorMoved { position: Point { x: 174.0, y: 160.0 } } }
EVENT: Window { window_id: WindowId(1), event: CursorMoved { position: Point { x: 174.0, y: 161.0 } } }
EVENT: Window { window_id: WindowId(1), event: CursorMoved { position: Point { x: 174.0, y: 161.0 } } }
EVENT: Window { window_id: WindowId(1), event: CursorMoved { position: Point { x: 174.0, y: 162.0 } } }
EVENT: Window { window_id: WindowId(1), event: CursorMoved { position: Point { x: 174.0, y: 163.0 } } }
EVENT: Window { window_id: WindowId(1), event: CursorMoved { position: Point { x: 174.0, y: 164.0 } } }
EVENT: Window { window_id: WindowId(1), event: CursorMoved { position: Point { x: 174.0, y: 164.0 } } }
EVENT: Window { window_id: WindowId(1), event: CursorMoved { position: Point { x: 174.0, y: 165.0 } } }
EVENT: Window { window_id: WindowId(1), event: CursorMoved { position: Point { x: 174.0, y: 165.0 } } }
EVENT: Window { window_id: WindowId(1), event: CursorMoved { position: Point { x: 174.0, y: 166.0 } } }
EVENT: Window { window_id: WindowId(1), event: CursorMoved { position: Point { x: 174.0, y: 167.0 } } }
EVENT: Window { window_id: WindowId(1), event: CursorMoved { position: Point { x: 174.0, y: 168.0 } } }
EVENT: Window { window_id: WindowId(1), event: CursorMoved { position: Point { x: 174.0, y: 169.0 } } }
EVENT: Window { window_id: WindowId(1), event: CursorMoved { position: Point { x: 174.0, y: 169.0 } } }
EVENT: Window { window_id: WindowId(1), event: CursorMoved { position: Point { x: 174.0, y: 170.0 } } }
EVENT: Window { window_id: WindowId(1), event: CursorMoved { position: Point { x: 174.0, y: 171.0 } } }
EVENT: Window { window_id: WindowId(1), event: CursorMoved { position: Point { x: 174.0, y: 171.0 } } }
EVENT: Window { window_id: WindowId(1), event: CursorMoved { position: Point { x: 174.0, y: 172.0 } } }
EVENT: Window { window_id: WindowId(1), event: CursorMoved { position: Point { x: 174.0, y: 172.0 } } }
EVENT: Window { window_id: WindowId(1), event: CursorMoved { position: Point { x: 174.0, y: 173.0 } } }
EVENT: Window { window_id: WindowId(1), event: CursorMoved { position: Point { x: 174.0, y: 173.0 } } }
EVENT: Window { window_id: WindowId(1), event: CursorMoved { position: Point { x: 174.0, y: 174.0 } } }
EVENT: Window { window_id: WindowId(1), event: CursorMoved { position: Point { x: 174.0, y: 174.0 } } }
EVENT: Window { window_id: WindowId(1), event: CursorMoved { position: Point { x: 174.0, y: 175.0 } } }
EVENT: Window { window_id: WindowId(1), event: CursorMoved { position: Point { x: 174.0, y: 176.0 } } }
EVENT: Window { window_id: WindowId(1), event: CursorMoved { position: Point { x: 174.0, y: 176.0 } } }
EVENT: Window { window_id: WindowId(1), event: CursorMoved { position: Point { x: 174.0, y: 177.0 } } }
EVENT: Window { window_id: WindowId(1), event: CursorMoved { position: Point { x: 174.0, y: 177.0 } } }
EVENT: Window { window_id: WindowId(1), event: CursorMoved { position: Point { x: 174.0, y: 178.0 } } }
EVENT: Window { window_id: WindowId(1), event: CursorMoved { position: Point { x: 174.0, y: 178.0 } } }
EVENT: Window { window_id: WindowId(1), event: CursorMoved { position: Point { x: 174.0, y: 179.0 } } }
EVENT: Window { window_id: WindowId(1), event: CursorMoved { position: Point { x: 174.0, y: 180.0 } } }
EVENT: Window { window_id: WindowId(1), event: CursorMoved { position: Point { x: 174.0, y: 180.0 } } }
EVENT: Window { window_id: WindowId(1), event: CursorMoved { position: Point { x: 174.0, y: 181.0 } } }
EVENT: Window { window_id: WindowId(1), event: CursorMoved { position: Point { x: 174.0, y: 181.0 } } }
EVENT: Window { window_id: WindowId(1), event: CursorMoved { position: Point { x: 174.0, y: 182.0 } } }
EVENT: Window { window_id: WindowId(1), event: CursorMoved { position: Point { x: 174.0, y: 182.0 } } }
EVENT: Window { window_id: WindowId(1), event: CursorMoved { position: Point { x: 174.0, y: 183.0 } } }
EVENT: Window { window_id: WindowId(1), event: CursorMoved { position: Point { x: 174.0, y: 184.0 } } }
EVENT: Window { window_id: WindowId(1), event: CursorMoved { position: Point { x: 174.0, y: 184.0 } } }
EVENT: Window { window_id: WindowId(1), event: CursorMoved { position: Point { x: 174.0, y: 185.0 } } }
EVENT: Window { window_id: WindowId(1), event: CursorMoved { position: Point { x: 174.0, y: 185.0 } } }
EVENT: Window { window_id: WindowId(1), event: CursorMoved { position: Point { x: 174.0, y: 186.0 } } }
EVENT: Window { window_id: WindowId(1), event: CursorMoved { position: Point { x: 174.0, y: 186.0 } } }
EVENT: Window { window_id: WindowId(1), event: CursorMoved { position: Point { x: 174.0, y: 187.0 } } }
EVENT: Window { window_id: WindowId(1), event: CursorMoved { position: Point { x: 174.0, y: 188.0 } } }
EVENT: Window { window_id: WindowId(1), event: CursorMoved { position: Point { x: 174.0, y: 188.0 } } }
EVENT: Window { window_id: WindowId(1), event: CursorMoved { position: Point { x: 174.0, y: 189.0 } } }
EVENT: Window { window_id: WindowId(1), event: CursorMoved { position: Point { x: 174.0, y: 190.0 } } }
EVENT: Window { window_id: WindowId(1), event: CursorMoved { position: Point { x: 174.0, y: 190.0 } } }
EVENT: Window { window_id: WindowId(1), event: CursorMoved { position: Point { x: 174.0, y: 191.0 } } }
EVENT: Window { window_id: WindowId(1), event: CursorMoved { position: Point { x: 174.0, y: 192.0 } } }
EVENT: Window { window_id: WindowId(1), event: CursorMoved { position: Point { x: 174.0, y: 192.0 } } }
EVENT: Window { window_id: WindowId(1), event: CursorMoved { position: Point { x: 174.0, y: 193.0 } } }
EVENT: Window { window_id: WindowId(1), event: CursorMoved { position: Point { x: 174.0, y: 193.0 } } }
EVENT: Window { window_id: WindowId(1), event: CursorMoved { position: Point { x: 174.0, y: 194.0 } } }
EVENT: Window { window_id: WindowId(1), event: CursorMoved { position: Point { x: 174.0, y: 194.0 } } }
EVENT: Window { window_id: WindowId(1), event: CursorMoved { position: Point { x: 174.0, y: 195.0 } } }
EVENT: Window { window_id: WindowId(1), event: CursorMoved { position: Point { x: 174.0, y: 196.0 } } }
EVENT: Window { window_id: WindowId(1), event: CursorMoved { position: Point { x: 174.0, y: 196.0 } } }
EVENT: Window { window_id: WindowId(1), event: CursorMoved { position: Point { x: 174.0, y: 197.0 } } }
EVENT: Window { window_id: WindowId(1), event: CursorMoved { position: Point { x: 174.0, y: 197.0 } } }
EVENT: Window { window_id: WindowId(1), event: CursorMoved { position: Point { x: 174.0, y: 198.0 } } }
EVENT: Window { window_id: WindowId(1), event: CursorMoved { position: Point { x: 175.0, y: 198.0 } } }
EVENT: Window { window_id: WindowId(1), event: CursorMoved { position: Point { x: 175.0, y: 199.0 } } }
EVENT: Window { window_id: WindowId(1), event: CursorMoved { position: Point { x: 175.0, y: 200.0 } } }
EVENT: Window { window_id: WindowId(1), event: CursorMoved { position: Point { x: 175.0, y: 200.0 } } }
EVENT: Window { window_id: WindowId(1), event: CursorMoved { position: Point { x: 175.0, y: 201.0 } } }
EVENT: Window { window_id: WindowId(1), event: CursorMoved { position: Point { x: 175.0, y: 201.0 } } }
EVENT: Window { window_id: WindowId(1), event: CursorMoved { position: Point { x: 175.0, y: 202.0 } } }
EVENT: Window { window_id: WindowId(1), event: CursorMoved { position: Point { x: 175.0, y: 202.0 } } }
EVENT: Window { window_id: WindowId(1), event: CursorMoved { position: Point { x: 175.0, y: 203.0 } } }
EVENT: Window { window_id: WindowId(1), event: CursorMoved { position: Point { x: 175.0, y: 204.0 } } }
EVENT: Window { window_id: WindowId(1), event: CursorMoved { position: Point { x: 175.0, y: 204.0 } } }
EVENT: Window { window_id: WindowId(1), event: CursorMoved { position: Point { x: 175.0, y: 205.0 } } }
EVENT: Window { window_id: WindowId(1), event: CursorMoved { position: Point { x: 175.0, y: 205.0 } } }
EVENT: Window { window_id: WindowId(1), event: CursorMoved { position: Point { x: 175.0, y: 206.0 } } }
EVENT: Window { window_id: WindowId(1), event: CursorMoved { position: Point { x: 175.0, y: 206.0 } } }
EVENT: Window { window_id: WindowId(1), event: CursorMoved { position: Point { x: 175.0, y: 207.0 } } }
EVENT: Window { window_id: WindowId(1), event: CursorMoved { position: Point { x: 175.0, y: 208.0 } } }
EVENT: Window { window_id: WindowId(1), event: CursorMoved { position: Point { x: 175.0, y: 208.0 } } }
EVENT: Window { window_id: WindowId(1), event: CursorMoved { position: Point { x: 175.0, y: 209.0 } } }
EVENT: Window { window_id: WindowId(1), event: CursorMoved { position: Point { x: 175.0, y: 209.0 } } }
EVENT: Window { window_id: WindowId(1), event: CursorMoved { position: Point { x: 175.0, y: 210.0 } } }
EVENT: Window { window_id: WindowId(1), event: CursorMoved { position: Point { x: 175.0, y: 210.0 } } }
EVENT: Window { window_id: WindowId(1), event: CursorMoved { position: Point { x: 175.0, y: 211.0 } } }
EVENT: Window { window_id: WindowId(1), event: CursorMoved { position: Point { x: 175.0, y: 212.0 } } }
EVENT: Window { window_id: WindowId(1), event: CursorMoved { position: Point { x: 175.0, y: 212.0 } } }
EVENT: Window { window_id: WindowId(1), event: CursorMoved { position: Point { x: 175.0, y: 213.0 } } }
EVENT: Window { window_id: WindowId(1), event: CursorMoved { position: Point { x: 175.0, y: 213.0 } } }
EVENT: Window { window_id: WindowId(1), event: CursorMoved { position: Point { x: 175.0, y: 214.0 } } }
EVENT: Window { window_id: WindowId(1), event: KeyboardInput(KeyboardInput { key: F, state: Pressed, modifiers: Modifiers { shift: false, ctrl: false, alt: false, meta: false }, repeat: false }) }
Input updated: 'f'

┌─ Current Form State ─────────────────┐
│ → Name       │ f                    │
│   Email      │ (empty)              │
│   Password   │ (empty)              │
└──────────────────────────────────────┘

🔄 Rebuilding form to update text display...
  ✓ Built new form with 8 nodes
  ✓ Integrated 7 nodes into app scene
  ✓ Rebuild complete!
EVENT: Window { window_id: WindowId(1), event: CursorMoved { position: Point { x: 175.0, y: 214.0 } } }
EVENT: Window { window_id: WindowId(1), event: CursorMoved { position: Point { x: 175.0, y: 215.0 } } }
EVENT: Window { window_id: WindowId(1), event: CursorMoved { position: Point { x: 175.0, y: 216.0 } } }
EVENT: Window { window_id: WindowId(1), event: KeyboardInput(KeyboardInput { key: F, state: Released, modifiers: Modifiers { shift: false, ctrl: false, alt: false, meta: false }, repeat: true }) }
EVENT: Window { window_id: WindowId(1), event: CursorMoved { position: Point { x: 175.0, y: 216.0 } } }
EVENT: Window { window_id: WindowId(1), event: CursorMoved { position: Point { x: 175.0, y: 217.0 } } }
EVENT: Window { window_id: WindowId(1), event: CursorMoved { position: Point { x: 175.0, y: 217.0 } } }
EVENT: Window { window_id: WindowId(1), event: CursorMoved { position: Point { x: 175.0, y: 218.0 } } }
EVENT: Window { window_id: WindowId(1), event: KeyboardInput(KeyboardInput { key: F, state: Pressed, modifiers: Modifiers { shift: false, ctrl: false, alt: false, meta: false }, repeat: false }) }
🔄 Rebuilding form to update text display...
  ✓ Built new form with 8 nodes
  ✓ Integrated 7 nodes into app scene
  ✓ Rebuild complete!
EVENT: Window { window_id: WindowId(1), event: CursorMoved { position: Point { x: 175.0, y: 218.0 } } }
EVENT: Window { window_id: WindowId(1), event: KeyboardInput(KeyboardInput { key: F, state: Released, modifiers: Modifiers { shift: false, ctrl: false, alt: false, meta: false }, repeat: true }) }
EVENT: Window { window_id: WindowId(1), event: CursorMoved { position: Point { x: 175.0, y: 219.0 } } }
EVENT: Window { window_id: WindowId(1), event: CursorMoved { position: Point { x: 175.0, y: 220.0 } } }
EVENT: Window { window_id: WindowId(1), event: CursorMoved { position: Point { x: 175.0, y: 220.0 } } }
EVENT: Window { window_id: WindowId(1), event: CursorMoved { position: Point { x: 175.0, y: 221.0 } } }
EVENT: Window { window_id: WindowId(1), event: CursorMoved { position: Point { x: 175.0, y: 221.0 } } }
EVENT: Window { window_id: WindowId(1), event: KeyboardInput(KeyboardInput { key: D, state: Pressed, modifiers: Modifiers { shift: false, ctrl: false, alt: false, meta: false }, repeat: false }) }
🔄 Rebuilding form to update text display...
  ✓ Built new form with 8 nodes
  ✓ Integrated 7 nodes into app scene
  ✓ Rebuild complete!
EVENT: Window { window_id: WindowId(1), event: CursorMoved { position: Point { x: 175.0, y: 222.0 } } }
EVENT: Window { window_id: WindowId(1), event: KeyboardInput(KeyboardInput { key: D, state: Released, modifiers: Modifiers { shift: false, ctrl: false, alt: false, meta: false }, repeat: true }) }
EVENT: Window { window_id: WindowId(1), event: CursorMoved { position: Point { x: 175.0, y: 222.0 } } }
EVENT: Window { window_id: WindowId(1), event: CursorMoved { position: Point { x: 175.0, y: 223.0 } } }
EVENT: Window { window_id: WindowId(1), event: CursorMoved { position: Point { x: 175.0, y: 223.0 } } }
EVENT: Window { window_id: WindowId(1), event: CursorMoved { position: Point { x: 175.0, y: 224.0 } } }
EVENT: Window { window_id: WindowId(1), event: CursorMoved { position: Point { x: 175.0, y: 225.0 } } }
EVENT: Window { window_id: WindowId(1), event: CursorMoved { position: Point { x: 175.0, y: 225.0 } } }
EVENT: Window { window_id: WindowId(1), event: CursorMoved { position: Point { x: 175.0, y: 226.0 } } }
EVENT: Window { window_id: WindowId(1), event: CursorMoved { position: Point { x: 175.0, y: 226.0 } } }
EVENT: Window { window_id: WindowId(1), event: CursorMoved { position: Point { x: 175.0, y: 227.0 } } }
EVENT: Window { window_id: WindowId(1), event: CursorMoved { position: Point { x: 174.0, y: 227.0 } } }
EVENT: Window { window_id: WindowId(1), event: CursorMoved { position: Point { x: 174.0, y: 227.0 } } }
EVENT: Window { window_id: WindowId(1), event: CursorMoved { position: Point { x: 174.0, y: 228.0 } } }
EVENT: Window { window_id: WindowId(1), event: CursorMoved { position: Point { x: 174.0, y: 229.0 } } }
EVENT: Window { window_id: WindowId(1), event: CursorMoved { position: Point { x: 174.0, y: 228.0 } } }
EVENT: Window { window_id: WindowId(1), event: CursorMoved { position: Point { x: 173.0, y: 227.0 } } }
EVENT: Window { window_id: WindowId(1), event: CursorMoved { position: Point { x: 172.0, y: 227.0 } } }
EVENT: Window { window_id: WindowId(1), event: CursorMoved { position: Point { x: 172.0, y: 227.0 } } }
EVENT: Window { window_id: WindowId(1), event: CursorMoved { position: Point { x: 172.0, y: 227.0 } } }
EVENT: Window { window_id: WindowId(1), event: CursorMoved { position: Point { x: 171.0, y: 226.0 } } }
EVENT: Window { window_id: WindowId(1), event: CursorMoved { position: Point { x: 171.0, y: 226.0 } } }
EVENT: Window { window_id: WindowId(1), event: CursorMoved { position: Point { x: 170.0, y: 225.0 } } }
EVENT: Window { window_id: WindowId(1), event: CursorMoved { position: Point { x: 170.0, y: 225.0 } } }
EVENT: Window { window_id: WindowId(1), event: CursorMoved { position: Point { x: 169.0, y: 224.0 } } }
EVENT: Window { window_id: WindowId(1), event: CursorMoved { position: Point { x: 168.0, y: 223.0 } } }
EVENT: Window { window_id: WindowId(1), event: CursorMoved { position: Point { x: 168.0, y: 223.0 } } }
EVENT: Window { window_id: WindowId(1), event: CursorMoved { position: Point { x: 167.0, y: 222.0 } } }
EVENT: Window { window_id: WindowId(1), event: CursorMoved { position: Point { x: 167.0, y: 222.0 } } }
EVENT: Window { window_id: WindowId(1), event: CursorMoved { position: Point { x: 166.0, y: 221.0 } } }
EVENT: Window { window_id: WindowId(1), event: CursorMoved { position: Point { x: 165.0, y: 221.0 } } }
EVENT: Window { window_id: WindowId(1), event: CursorMoved { position: Point { x: 164.0, y: 220.0 } } }
EVENT: Window { window_id: WindowId(1), event: CursorMoved { position: Point { x: 164.0, y: 219.0 } } }
EVENT: Window { window_id: WindowId(1), event: CursorMoved { position: Point { x: 163.0, y: 219.0 } } }
EVENT: Window { window_id: WindowId(1), event: CursorMoved { position: Point { x: 162.0, y: 218.0 } } }
EVENT: Window { window_id: WindowId(1), event: CursorMoved { position: Point { x: 161.0, y: 218.0 } } }
EVENT: Window { window_id: WindowId(1), event: CursorMoved { position: Point { x: 159.0, y: 217.0 } } }
EVENT: Window { window_id: WindowId(1), event: CursorMoved { position: Point { x: 158.0, y: 216.0 } } }
EVENT: Window { window_id: WindowId(1), event: CursorMoved { position: Point { x: 157.0, y: 216.0 } } }
EVENT: Window { window_id: WindowId(1), event: CursorMoved { position: Point { x: 156.0, y: 214.0 } } }
EVENT: Window { window_id: WindowId(1), event: CursorMoved { position: Point { x: 155.0, y: 213.0 } } }
EVENT: Window { window_id: WindowId(1), event: CursorMoved { position: Point { x: 154.0, y: 212.0 } } }
EVENT: Window { window_id: WindowId(1), event: CursorMoved { position: Point { x: 153.0, y: 211.0 } } }
EVENT: Window { window_id: WindowId(1), event: CursorMoved { position: Point { x: 151.0, y: 210.0 } } }
EVENT: Window { window_id: WindowId(1), event: CursorMoved { position: Point { x: 151.0, y: 209.0 } } }
EVENT: Window { window_id: WindowId(1), event: CursorMoved { position: Point { x: 149.0, y: 208.0 } } }
EVENT: Window { window_id: WindowId(1), event: CursorMoved { position: Point { x: 148.0, y: 207.0 } } }
EVENT: Window { window_id: WindowId(1), event: CursorMoved { position: Point { x: 146.0, y: 206.0 } } }
EVENT: Window { window_id: WindowId(1), event: CursorMoved { position: Point { x: 145.0, y: 205.0 } } }
EVENT: Window { window_id: WindowId(1), event: CursorMoved { position: Point { x: 144.0, y: 204.0 } } }
EVENT: Window { window_id: WindowId(1), event: CursorMoved { position: Point { x: 143.0, y: 203.0 } } }
EVENT: Window { window_id: WindowId(1), event: CursorMoved { position: Point { x: 142.0, y: 201.0 } } }
EVENT: Window { window_id: WindowId(1), event: CursorMoved { position: Point { x: 140.0, y: 201.0 } } }
EVENT: Window { window_id: WindowId(1), event: CursorMoved { position: Point { x: 139.0, y: 199.0 } } }
EVENT: Window { window_id: WindowId(1), event: CursorMoved { position: Point { x: 138.0, y: 198.0 } } }
EVENT: Window { window_id: WindowId(1), event: CursorMoved { position: Point { x: 137.0, y: 196.0 } } }
EVENT: Window { window_id: WindowId(1), event: CursorMoved { position: Point { x: 136.0, y: 196.0 } } }
EVENT: Window { window_id: WindowId(1), event: CursorMoved { position: Point { x: 135.0, y: 195.0 } } }
EVENT: Window { window_id: WindowId(1), event: CursorMoved { position: Point { x: 133.0, y: 194.0 } } }
EVENT: Window { window_id: WindowId(1), event: CursorMoved { position: Point { x: 133.0, y: 192.0 } } }
EVENT: Window { window_id: WindowId(1), event: CursorMoved { position: Point { x: 131.0, y: 191.0 } } }
EVENT: Window { window_id: WindowId(1), event: CursorMoved { position: Point { x: 131.0, y: 190.0 } } }
EVENT: Window { window_id: WindowId(1), event: CursorMoved { position: Point { x: 129.0, y: 189.0 } } }
EVENT: Window { window_id: WindowId(1), event: CursorMoved { position: Point { x: 128.0, y: 188.0 } } }
EVENT: Window { window_id: WindowId(1), event: CursorMoved { position: Point { x: 127.0, y: 187.0 } } }
EVENT: Window { window_id: WindowId(1), event: CursorMoved { position: Point { x: 127.0, y: 186.0 } } }
EVENT: Window { window_id: WindowId(1), event: CursorMoved { position: Point { x: 126.0, y: 185.0 } } }
EVENT: Window { window_id: WindowId(1), event: CursorMoved { position: Point { x: 125.0, y: 184.0 } } }
EVENT: Window { window_id: WindowId(1), event: CursorMoved { position: Point { x: 124.0, y: 183.0 } } }
EVENT: Window { window_id: WindowId(1), event: CursorMoved { position: Point { x: 124.0, y: 182.0 } } }
EVENT: Window { window_id: WindowId(1), event: CursorMoved { position: Point { x: 123.0, y: 182.0 } } }
EVENT: Window { window_id: WindowId(1), event: CursorMoved { position: Point { x: 122.0, y: 180.0 } } }
EVENT: Window { window_id: WindowId(1), event: CursorMoved { position: Point { x: 121.0, y: 180.0 } } }
EVENT: Window { window_id: WindowId(1), event: CursorMoved { position: Point { x: 121.0, y: 179.0 } } }
EVENT: Window { window_id: WindowId(1), event: CursorMoved { position: Point { x: 120.0, y: 179.0 } } }
EVENT: Window { window_id: WindowId(1), event: CursorMoved { position: Point { x: 120.0, y: 177.0 } } }
EVENT: Window { window_id: WindowId(1), event: CursorMoved { position: Point { x: 119.0, y: 177.0 } } }
EVENT: Window { window_id: WindowId(1), event: CursorMoved { position: Point { x: 118.0, y: 176.0 } } }
EVENT: Window { window_id: WindowId(1), event: CursorMoved { position: Point { x: 118.0, y: 175.0 } } }
EVENT: Window { window_id: WindowId(1), event: CursorMoved { position: Point { x: 117.0, y: 174.0 } } }
EVENT: Window { window_id: WindowId(1), event: CursorMoved { position: Point { x: 117.0, y: 174.0 } } }
EVENT: Window { window_id: WindowId(1), event: CursorMoved { position: Point { x: 116.0, y: 173.0 } } }
EVENT: Window { window_id: WindowId(1), event: CursorMoved { position: Point { x: 116.0, y: 173.0 } } }
EVENT: Window { window_id: WindowId(1), event: CursorMoved { position: Point { x: 115.0, y: 172.0 } } }
EVENT: Window { window_id: WindowId(1), event: CursorMoved { position: Point { x: 115.0, y: 172.0 } } }
EVENT: Window { window_id: WindowId(1), event: CursorMoved { position: Point { x: 114.0, y: 171.0 } } }
EVENT: Window { window_id: WindowId(1), event: CursorMoved { position: Point { x: 114.0, y: 170.0 } } }
EVENT: Window { window_id: WindowId(1), event: CursorMoved { position: Point { x: 113.0, y: 170.0 } } }
EVENT: Window { window_id: WindowId(1), event: CursorMoved { position: Point { x: 113.0, y: 169.0 } } }
EVENT: Window { window_id: WindowId(1), event: CursorMoved { position: Point { x: 113.0, y: 169.0 } } }
EVENT: Window { window_id: WindowId(1), event: CursorMoved { position: Point { x: 113.0, y: 168.0 } } }
EVENT: Window { window_id: WindowId(1), event: CursorMoved { position: Point { x: 112.0, y: 168.0 } } }
EVENT: Window { window_id: WindowId(1), event: CursorMoved { position: Point { x: 112.0, y: 167.0 } } }
EVENT: Window { window_id: WindowId(1), event: CursorMoved { position: Point { x: 112.0, y: 166.0 } } }
EVENT: Window { window_id: WindowId(1), event: CursorMoved { position: Point { x: 111.0, y: 165.0 } } }
EVENT: Window { window_id: WindowId(1), event: CursorMoved { position: Point { x: 110.0, y: 165.0 } } }
EVENT: Window { window_id: WindowId(1), event: CursorMoved { position: Point { x: 110.0, y: 164.0 } } }
EVENT: Window { window_id: WindowId(1), event: CursorMoved { position: Point { x: 110.0, y: 163.0 } } }
EVENT: Window { window_id: WindowId(1), event: CursorMoved { position: Point { x: 110.0, y: 163.0 } } }
EVENT: Window { window_id: WindowId(1), event: CursorMoved { position: Point { x: 110.0, y: 162.0 } } }
EVENT: Window { window_id: WindowId(1), event: CursorMoved { position: Point { x: 110.0, y: 162.0 } } }
EVENT: Window { window_id: WindowId(1), event: CursorMoved { position: Point { x: 109.0, y: 161.0 } } }
EVENT: Window { window_id: WindowId(1), event: CursorMoved { position: Point { x: 109.0, y: 161.0 } } }
EVENT: Window { window_id: WindowId(1), event: CursorMoved { position: Point { x: 109.0, y: 160.0 } } }
EVENT: Window { window_id: WindowId(1), event: CursorMoved { position: Point { x: 109.0, y: 159.0 } } }
EVENT: Window { window_id: WindowId(1), event: CursorMoved { position: Point { x: 109.0, y: 159.0 } } }
EVENT: Window { window_id: WindowId(1), event: CursorMoved { position: Point { x: 108.0, y: 158.0 } } }
EVENT: Window { window_id: WindowId(1), event: CursorMoved { position: Point { x: 108.0, y: 158.0 } } }
EVENT: Window { window_id: WindowId(1), event: CursorMoved { position: Point { x: 108.0, y: 157.0 } } }
EVENT: Window { window_id: WindowId(1), event: CursorMoved { position: Point { x: 108.0, y: 157.0 } } }
EVENT: Window { window_id: WindowId(1), event: CursorMoved { position: Point { x: 108.0, y: 156.0 } } }
EVENT: Window { window_id: WindowId(1), event: CursorMoved { position: Point { x: 108.0, y: 155.0 } } }
EVENT: Window { window_id: WindowId(1), event: CursorMoved { position: Point { x: 108.0, y: 155.0 } } }
EVENT: Window { window_id: WindowId(1), event: CursorMoved { position: Point { x: 107.0, y: 154.0 } } }
EVENT: Window { window_id: WindowId(1), event: CursorMoved { position: Point { x: 107.0, y: 154.0 } } }
EVENT: Window { window_id: WindowId(1), event: CursorMoved { position: Point { x: 107.0, y: 153.0 } } }
EVENT: Window { window_id: WindowId(1), event: CursorMoved { position: Point { x: 107.0, y: 153.0 } } }
EVENT: Window { window_id: WindowId(1), event: CursorMoved { position: Point { x: 107.0, y: 152.0 } } }
EVENT: Window { window_id: WindowId(1), event: CursorMoved { position: Point { x: 107.0, y: 151.0 } } }
EVENT: Window { window_id: WindowId(1), event: CursorMoved { position: Point { x: 107.0, y: 151.0 } } }
EVENT: Window { window_id: WindowId(1), event: CursorMoved { position: Point { x: 107.0, y: 150.0 } } }
EVENT: Window { window_id: WindowId(1), event: CursorMoved { position: Point { x: 107.0, y: 150.0 } } }
EVENT: Window { window_id: WindowId(1), event: CursorMoved { position: Point { x: 107.0, y: 149.0 } } }
EVENT: Window { window_id: WindowId(1), event: CursorMoved { position: Point { x: 106.0, y: 149.0 } } }
EVENT: Window { window_id: WindowId(1), event: CursorMoved { position: Point { x: 106.0, y: 149.0 } } }
EVENT: Window { window_id: WindowId(1), event: CursorMoved { position: Point { x: 106.0, y: 148.0 } } }
EVENT: Window { window_id: WindowId(1), event: CursorMoved { position: Point { x: 106.0, y: 148.0 } } }
EVENT: Window { window_id: WindowId(1), event: CursorMoved { position: Point { x: 106.0, y: 147.0 } } }
EVENT: Window { window_id: WindowId(1), event: CursorMoved { position: Point { x: 106.0, y: 146.0 } } }
EVENT: Window { window_id: WindowId(1), event: CursorMoved { position: Point { x: 106.0, y: 146.0 } } }
EVENT: Window { window_id: WindowId(1), event: CursorMoved { position: Point { x: 106.0, y: 145.0 } } }
EVENT: Window { window_id: WindowId(1), event: CursorMoved { position: Point { x: 106.0, y: 145.0 } } }
EVENT: Window { window_id: WindowId(1), event: CursorMoved { position: Point { x: 106.0, y: 145.0 } } }
EVENT: Window { window_id: WindowId(1), event: CursorMoved { position: Point { x: 106.0, y: 144.0 } } }
EVENT: Window { window_id: WindowId(1), event: CursorMoved { position: Point { x: 106.0, y: 144.0 } } }
EVENT: Window { window_id: WindowId(1), event: CursorMoved { position: Point { x: 106.0, y: 143.0 } } }
EVENT: Window { window_id: WindowId(1), event: CursorMoved { position: Point { x: 105.0, y: 142.0 } } }
EVENT: Window { window_id: WindowId(1), event: CursorMoved { position: Point { x: 105.0, y: 142.0 } } }
EVENT: Window { window_id: WindowId(1), event: CursorMoved { position: Point { x: 105.0, y: 141.0 } } }
EVENT: Window { window_id: WindowId(1), event: CursorMoved { position: Point { x: 105.0, y: 141.0 } } }
EVENT: Window { window_id: WindowId(1), event: CursorMoved { position: Point { x: 105.0, y: 140.0 } } }
EVENT: Window { window_id: WindowId(1), event: CursorMoved { position: Point { x: 105.0, y: 140.0 } } }
EVENT: Window { window_id: WindowId(1), event: CursorMoved { position: Point { x: 105.0, y: 139.0 } } }
EVENT: Window { window_id: WindowId(1), event: CursorMoved { position: Point { x: 105.0, y: 138.0 } } }
EVENT: Window { window_id: WindowId(1), event: CursorMoved { position: Point { x: 105.0, y: 138.0 } } }
EVENT: Window { window_id: WindowId(1), event: CursorMoved { position: Point { x: 105.0, y: 137.0 } } }
EVENT: Window { window_id: WindowId(1), event: CursorMoved { position: Point { x: 105.0, y: 137.0 } } }
EVENT: Window { window_id: WindowId(1), event: CursorMoved { position: Point { x: 105.0, y: 136.0 } } }
EVENT: Window { window_id: WindowId(1), event: CursorMoved { position: Point { x: 105.0, y: 136.0 } } }
EVENT: Window { window_id: WindowId(1), event: CursorMoved { position: Point { x: 105.0, y: 135.0 } } }
EVENT: Window { window_id: WindowId(1), event: CursorMoved { position: Point { x: 105.0, y: 134.0 } } }
EVENT: Window { window_id: WindowId(1), event: CursorMoved { position: Point { x: 105.0, y: 134.0 } } }
EVENT: Window { window_id: WindowId(1), event: CursorMoved { position: Point { x: 105.0, y: 133.0 } } }
EVENT: Window { window_id: WindowId(1), event: CursorMoved { position: Point { x: 105.0, y: 133.0 } } }
EVENT: Window { window_id: WindowId(1), event: CursorMoved { position: Point { x: 105.0, y: 132.0 } } }
EVENT: Window { window_id: WindowId(1), event: CursorMoved { position: Point { x: 105.0, y: 132.0 } } }
EVENT: Window { window_id: WindowId(1), event: CursorMoved { position: Point { x: 105.0, y: 131.0 } } }
EVENT: Window { window_id: WindowId(1), event: CursorMoved { position: Point { x: 105.0, y: 130.0 } } }
EVENT: Window { window_id: WindowId(1), event: CursorMoved { position: Point { x: 105.0, y: 130.0 } } }
EVENT: Window { window_id: WindowId(1), event: CursorMoved { position: Point { x: 105.0, y: 129.0 } } }
EVENT: Window { window_id: WindowId(1), event: CursorMoved { position: Point { x: 105.0, y: 129.0 } } }
EVENT: Window { window_id: WindowId(1), event: CursorMoved { position: Point { x: 105.0, y: 128.0 } } }
EVENT: Window { window_id: WindowId(1), event: CursorMoved { position: Point { x: 105.0, y: 128.0 } } }
EVENT: Window { window_id: WindowId(1), event: CursorMoved { position: Point { x: 105.0, y: 127.0 } } }
EVENT: Window { window_id: WindowId(1), event: CursorMoved { position: Point { x: 105.0, y: 126.0 } } }
EVENT: Window { window_id: WindowId(1), event: CursorMoved { position: Point { x: 105.0, y: 126.0 } } }
EVENT: Window { window_id: WindowId(1), event: CursorMoved { position: Point { x: 105.0, y: 125.0 } } }
EVENT: Window { window_id: WindowId(1), event: CursorMoved { position: Point { x: 105.0, y: 125.0 } } }
EVENT: Window { window_id: WindowId(1), event: CursorMoved { position: Point { x: 105.0, y: 124.0 } } }
EVENT: Window { window_id: WindowId(1), event: CursorMoved { position: Point { x: 105.0, y: 124.0 } } }
EVENT: Window { window_id: WindowId(1), event: CursorMoved { position: Point { x: 104.0, y: 124.0 } } }
EVENT: Window { window_id: WindowId(1), event: CursorMoved { position: Point { x: 104.0, y: 123.0 } } }
EVENT: Window { window_id: WindowId(1), event: CursorMoved { position: Point { x: 104.0, y: 122.0 } } }
EVENT: Window { window_id: WindowId(1), event: CursorMoved { position: Point { x: 104.0, y: 122.0 } } }
EVENT: Window { window_id: WindowId(1), event: CursorMoved { position: Point { x: 104.0, y: 121.0 } } }
EVENT: Window { window_id: WindowId(1), event: CursorMoved { position: Point { x: 104.0, y: 121.0 } } }
EVENT: Window { window_id: WindowId(1), event: CursorMoved { position: Point { x: 104.0, y: 120.0 } } }
EVENT: Window { window_id: WindowId(1), event: CursorMoved { position: Point { x: 104.0, y: 120.0 } } }
EVENT: Window { window_id: WindowId(1), event: CursorMoved { position: Point { x: 104.0, y: 119.0 } } }
EVENT: Window { window_id: WindowId(1), event: CursorMoved { position: Point { x: 104.0, y: 119.0 } } }
EVENT: Window { window_id: WindowId(1), event: CursorMoved { position: Point { x: 104.0, y: 118.0 } } }
EVENT: Window { window_id: WindowId(1), event: CursorMoved { position: Point { x: 104.0, y: 117.0 } } }
EVENT: Window { window_id: WindowId(1), event: CursorMoved { position: Point { x: 105.0, y: 117.0 } } }
EVENT: Window { window_id: WindowId(1), event: CursorMoved { position: Point { x: 105.0, y: 118.0 } } }
EVENT: Window { window_id: WindowId(1), event: MouseInput(MouseInput { button: Left, state: Pressed, position: Point { x: 105.0, y: 118.0 }, modifiers: Modifiers { shift: false, ctrl: false, alt: false, meta: false } }) }
Click at (105, 118)
  Hit widget node: NodeId(4)
  Mapped to app node: NodeId(4)
  Focused text input
EVENT: Window { window_id: WindowId(1), event: CursorMoved { position: Point { x: 105.0, y: 118.0 } } }
EVENT: Window { window_id: WindowId(1), event: MouseInput(MouseInput { button: Left, state: Released, position: Point { x: 105.0, y: 118.0 }, modifiers: Modifiers { shift: false, ctrl: false, alt: false, meta: false } }) }
EVENT: Window { window_id: WindowId(1), event: CursorMoved { position: Point { x: 105.0, y: 119.0 } } }
EVENT: Window { window_id: WindowId(1), event: CursorMoved { position: Point { x: 106.0, y: 119.0 } } }
EVENT: Window { window_id: WindowId(1), event: CursorMoved { position: Point { x: 106.0, y: 119.0 } } }
EVENT: Window { window_id: WindowId(1), event: CursorMoved { position: Point { x: 106.0, y: 119.0 } } }
EVENT: Window { window_id: WindowId(1), event: CursorMoved { position: Point { x: 106.0, y: 120.0 } } }
EVENT: Window { window_id: WindowId(1), event: CursorMoved { position: Point { x: 106.0, y: 120.0 } } }
EVENT: Window { window_id: WindowId(1), event: CursorMoved { position: Point { x: 106.0, y: 121.0 } } }
EVENT: Window { window_id: WindowId(1), event: CursorMoved { position: Point { x: 106.0, y: 121.0 } } }
EVENT: Window { window_id: WindowId(1), event: CursorMoved { position: Point { x: 107.0, y: 122.0 } } }
EVENT: Window { window_id: WindowId(1), event: CursorMoved { position: Point { x: 107.0, y: 122.0 } } }
EVENT: Window { window_id: WindowId(1), event: CursorMoved { position: Point { x: 108.0, y: 123.0 } } }
EVENT: Window { window_id: WindowId(1), event: CursorMoved { position: Point { x: 108.0, y: 124.0 } } }
EVENT: Window { window_id: WindowId(1), event: CursorMoved { position: Point { x: 108.0, y: 125.0 } } }
EVENT: Window { window_id: WindowId(1), event: CursorMoved { position: Point { x: 108.0, y: 125.0 } } }
EVENT: Window { window_id: WindowId(1), event: CursorMoved { position: Point { x: 108.0, y: 126.0 } } }
EVENT: Window { window_id: WindowId(1), event: CursorMoved { position: Point { x: 108.0, y: 127.0 } } }
EVENT: Window { window_id: WindowId(1), event: CursorMoved { position: Point { x: 108.0, y: 127.0 } } }
EVENT: Window { window_id: WindowId(1), event: CursorMoved { position: Point { x: 108.0, y: 128.0 } } }
EVENT: Window { window_id: WindowId(1), event: CursorMoved { position: Point { x: 108.0, y: 129.0 } } }
EVENT: Window { window_id: WindowId(1), event: CursorMoved { position: Point { x: 108.0, y: 129.0 } } }
EVENT: Window { window_id: WindowId(1), event: CursorMoved { position: Point { x: 108.0, y: 130.0 } } }
EVENT: Window { window_id: WindowId(1), event: CursorMoved { position: Point { x: 108.0, y: 131.0 } } }
EVENT: Window { window_id: WindowId(1), event: CursorMoved { position: Point { x: 108.0, y: 131.0 } } }
EVENT: Window { window_id: WindowId(1), event: CursorMoved { position: Point { x: 108.0, y: 132.0 } } }
EVENT: Window { window_id: WindowId(1), event: CursorMoved { position: Point { x: 108.0, y: 132.0 } } }
EVENT: Window { window_id: WindowId(1), event: CursorMoved { position: Point { x: 108.0, y: 133.0 } } }
EVENT: Window { window_id: WindowId(1), event: CursorMoved { position: Point { x: 108.0, y: 133.0 } } }
EVENT: Window { window_id: WindowId(1), event: CursorMoved { position: Point { x: 108.0, y: 134.0 } } }
EVENT: Window { window_id: WindowId(1), event: CursorMoved { position: Point { x: 108.0, y: 135.0 } } }
EVENT: Window { window_id: WindowId(1), event: CursorMoved { position: Point { x: 109.0, y: 135.0 } } }
EVENT: Window { window_id: WindowId(1), event: CursorMoved { position: Point { x: 109.0, y: 136.0 } } }
EVENT: Window { window_id: WindowId(1), event: CursorMoved { position: Point { x: 109.0, y: 136.0 } } }
EVENT: Window { window_id: WindowId(1), event: CursorMoved { position: Point { x: 109.0, y: 137.0 } } }
EVENT: Window { window_id: WindowId(1), event: CursorMoved { position: Point { x: 109.0, y: 137.0 } } }
EVENT: Window { window_id: WindowId(1), event: CursorMoved { position: Point { x: 109.0, y: 138.0 } } }
EVENT: Window { window_id: WindowId(1), event: CursorMoved { position: Point { x: 109.0, y: 139.0 } } }
EVENT: Window { window_id: WindowId(1), event: CursorMoved { position: Point { x: 109.0, y: 139.0 } } }
EVENT: Window { window_id: WindowId(1), event: CursorMoved { position: Point { x: 109.0, y: 140.0 } } }
EVENT: Window { window_id: WindowId(1), event: CursorMoved { position: Point { x: 109.0, y: 140.0 } } }
EVENT: Window { window_id: WindowId(1), event: CursorMoved { position: Point { x: 109.0, y: 141.0 } } }
EVENT: Window { window_id: WindowId(1), event: CursorMoved { position: Point { x: 109.0, y: 141.0 } } }
EVENT: Window { window_id: WindowId(1), event: CursorMoved { position: Point { x: 109.0, y: 142.0 } } }
EVENT: Window { window_id: WindowId(1), event: CursorMoved { position: Point { x: 109.0, y: 143.0 } } }
EVENT: Window { window_id: WindowId(1), event: CursorMoved { position: Point { x: 109.0, y: 143.0 } } }
EVENT: Window { window_id: WindowId(1), event: CursorMoved { position: Point { x: 109.0, y: 144.0 } } }
EVENT: Window { window_id: WindowId(1), event: CursorMoved { position: Point { x: 109.0, y: 144.0 } } }
EVENT: Window { window_id: WindowId(1), event: CursorMoved { position: Point { x: 109.0, y: 145.0 } } }
EVENT: Window { window_id: WindowId(1), event: CursorMoved { position: Point { x: 109.0, y: 145.0 } } }
EVENT: Window { window_id: WindowId(1), event: CursorMoved { position: Point { x: 109.0, y: 146.0 } } }
EVENT: Window { window_id: WindowId(1), event: CursorMoved { position: Point { x: 109.0, y: 147.0 } } }
EVENT: Window { window_id: WindowId(1), event: CursorMoved { position: Point { x: 109.0, y: 147.0 } } }
EVENT: Window { window_id: WindowId(1), event: CursorMoved { position: Point { x: 109.0, y: 148.0 } } }
EVENT: Window { window_id: WindowId(1), event: CursorMoved { position: Point { x: 109.0, y: 148.0 } } }
EVENT: Window { window_id: WindowId(1), event: CursorMoved { position: Point { x: 109.0, y: 149.0 } } }
EVENT: Window { window_id: WindowId(1), event: CursorMoved { position: Point { x: 109.0, y: 149.0 } } }
EVENT: Window { window_id: WindowId(1), event: CursorMoved { position: Point { x: 109.0, y: 150.0 } } }
EVENT: Window { window_id: WindowId(1), event: CursorMoved { position: Point { x: 109.0, y: 151.0 } } }
EVENT: Window { window_id: WindowId(1), event: CursorMoved { position: Point { x: 109.0, y: 151.0 } } }
EVENT: Window { window_id: WindowId(1), event: CursorMoved { position: Point { x: 109.0, y: 152.0 } } }
EVENT: Window { window_id: WindowId(1), event: CursorMoved { position: Point { x: 109.0, y: 152.0 } } }
EVENT: Window { window_id: WindowId(1), event: CursorMoved { position: Point { x: 109.0, y: 153.0 } } }
EVENT: Window { window_id: WindowId(1), event: CursorMoved { position: Point { x: 109.0, y: 153.0 } } }
EVENT: Window { window_id: WindowId(1), event: CursorMoved { position: Point { x: 109.0, y: 154.0 } } }
EVENT: Window { window_id: WindowId(1), event: CursorMoved { position: Point { x: 109.0, y: 154.0 } } }
EVENT: Window { window_id: WindowId(1), event: CursorMoved { position: Point { x: 109.0, y: 155.0 } } }
EVENT: Window { window_id: WindowId(1), event: CursorMoved { position: Point { x: 109.0, y: 156.0 } } }
EVENT: Window { window_id: WindowId(1), event: CursorMoved { position: Point { x: 109.0, y: 156.0 } } }
EVENT: Window { window_id: WindowId(1), event: CursorMoved { position: Point { x: 109.0, y: 157.0 } } }
EVENT: Window { window_id: WindowId(1), event: CursorMoved { position: Point { x: 109.0, y: 157.0 } } }
EVENT: Window { window_id: WindowId(1), event: CursorMoved { position: Point { x: 109.0, y: 158.0 } } }
EVENT: Window { window_id: WindowId(1), event: CursorMoved { position: Point { x: 109.0, y: 158.0 } } }
EVENT: Window { window_id: WindowId(1), event: CursorMoved { position: Point { x: 109.0, y: 159.0 } } }
EVENT: Window { window_id: WindowId(1), event: CursorMoved { position: Point { x: 109.0, y: 160.0 } } }
EVENT: Window { window_id: WindowId(1), event: CursorMoved { position: Point { x: 109.0, y: 160.0 } } }
EVENT: Window { window_id: WindowId(1), event: CursorMoved { position: Point { x: 109.0, y: 161.0 } } }
EVENT: Window { window_id: WindowId(1), event: CursorMoved { position: Point { x: 109.0, y: 161.0 } } }
EVENT: Window { window_id: WindowId(1), event: CursorMoved { position: Point { x: 110.0, y: 161.0 } } }
EVENT: Window { window_id: WindowId(1), event: CursorMoved { position: Point { x: 110.0, y: 162.0 } } }
EVENT: Window { window_id: WindowId(1), event: CursorMoved { position: Point { x: 110.0, y: 162.0 } } }
EVENT: Window { window_id: WindowId(1), event: CursorMoved { position: Point { x: 110.0, y: 163.0 } } }
EVENT: Window { window_id: WindowId(1), event: CursorMoved { position: Point { x: 110.0, y: 164.0 } } }
EVENT: Window { window_id: WindowId(1), event: CursorMoved { position: Point { x: 110.0, y: 164.0 } } }
EVENT: Window { window_id: WindowId(1), event: CursorMoved { position: Point { x: 109.0, y: 164.0 } } }
EVENT: Window { window_id: WindowId(1), event: CursorMoved { position: Point { x: 109.0, y: 165.0 } } }
EVENT: Window { window_id: WindowId(1), event: CursorMoved { position: Point { x: 109.0, y: 165.0 } } }
EVENT: Window { window_id: WindowId(1), event: CursorMoved { position: Point { x: 109.0, y: 166.0 } } }
EVENT: Window { window_id: WindowId(1), event: CursorMoved { position: Point { x: 109.0, y: 166.0 } } }
EVENT: Window { window_id: WindowId(1), event: CursorMoved { position: Point { x: 109.0, y: 167.0 } } }
EVENT: Window { window_id: WindowId(1), event: CursorMoved { position: Point { x: 109.0, y: 168.0 } } }
EVENT: Window { window_id: WindowId(1), event: CursorMoved { position: Point { x: 109.0, y: 168.0 } } }
EVENT: Window { window_id: WindowId(1), event: CursorMoved { position: Point { x: 109.0, y: 169.0 } } }
EVENT: Window { window_id: WindowId(1), event: CursorMoved { position: Point { x: 109.0, y: 169.0 } } }
EVENT: Window { window_id: WindowId(1), event: CursorMoved { position: Point { x: 109.0, y: 170.0 } } }
EVENT: Window { window_id: WindowId(1), event: CursorMoved { position: Point { x: 109.0, y: 170.0 } } }
EVENT: Window { window_id: WindowId(1), event: CursorMoved { position: Point { x: 109.0, y: 171.0 } } }
EVENT: Window { window_id: WindowId(1), event: CursorMoved { position: Point { x: 109.0, y: 172.0 } } }
EVENT: Window { window_id: WindowId(1), event: CursorMoved { position: Point { x: 109.0, y: 172.0 } } }
EVENT: Window { window_id: WindowId(1), event: CursorMoved { position: Point { x: 109.0, y: 173.0 } } }
EVENT: Window { window_id: WindowId(1), event: CursorMoved { position: Point { x: 108.0, y: 173.0 } } }
EVENT: Window { window_id: WindowId(1), event: CursorMoved { position: Point { x: 108.0, y: 173.0 } } }
EVENT: Window { window_id: WindowId(1), event: CursorMoved { position: Point { x: 108.0, y: 174.0 } } }
EVENT: Window { window_id: WindowId(1), event: CursorMoved { position: Point { x: 108.0, y: 174.0 } } }
EVENT: Window { window_id: WindowId(1), event: CursorMoved { position: Point { x: 108.0, y: 175.0 } } }
EVENT: Window { window_id: WindowId(1), event: CursorMoved { position: Point { x: 108.0, y: 176.0 } } }
EVENT: Window { window_id: WindowId(1), event: CursorMoved { position: Point { x: 108.0, y: 176.0 } } }
EVENT: Window { window_id: WindowId(1), event: CursorMoved { position: Point { x: 108.0, y: 177.0 } } }
EVENT: Window { window_id: WindowId(1), event: CursorMoved { position: Point { x: 108.0, y: 177.0 } } }
EVENT: Window { window_id: WindowId(1), event: CursorMoved { position: Point { x: 108.0, y: 178.0 } } }
EVENT: Window { window_id: WindowId(1), event: CursorMoved { position: Point { x: 108.0, y: 178.0 } } }
EVENT: Window { window_id: WindowId(1), event: MouseInput(MouseInput { button: Left, state: Pressed, position: Point { x: 108.0, y: 178.0 }, modifiers: Modifiers { shift: false, ctrl: false, alt: false, meta: false } }) }
Click at (108, 178)
  Hit widget node: NodeId(6)
  Mapped to app node: NodeId(6)
  Focused text input
EVENT: Window { window_id: WindowId(1), event: MouseInput(MouseInput { button: Left, state: Released, position: Point { x: 108.0, y: 178.0 }, modifiers: Modifiers { shift: false, ctrl: false, alt: false, meta: false } }) }
EVENT: Window { window_id: WindowId(1), event: MouseInput(MouseInput { button: Left, state: Pressed, position: Point { x: 108.0, y: 178.0 }, modifiers: Modifiers { shift: false, ctrl: false, alt: false, meta: false } }) }
Click at (108, 178)
  Hit widget node: NodeId(6)
  Mapped to app node: NodeId(6)
  Focused text input
EVENT: Window { window_id: WindowId(1), event: MouseInput(MouseInput { button: Left, state: Released, position: Point { x: 108.0, y: 178.0 }, modifiers: Modifiers { shift: false, ctrl: false, alt: false, meta: false } }) }
EVENT: Window { window_id: WindowId(1), event: CursorMoved { position: Point { x: 108.0, y: 177.0 } } }
EVENT: Window { window_id: WindowId(1), event: CursorMoved { position: Point { x: 108.0, y: 177.0 } } }
EVENT: Window { window_id: WindowId(1), event: CursorMoved { position: Point { x: 108.0, y: 176.0 } } }
EVENT: Window { window_id: WindowId(1), event: CursorMoved { position: Point { x: 108.0, y: 176.0 } } }
EVENT: Window { window_id: WindowId(1), event: CursorMoved { position: Point { x: 108.0, y: 175.0 } } }
EVENT: Window { window_id: WindowId(1), event: CursorMoved { position: Point { x: 108.0, y: 174.0 } } }
EVENT: Window { window_id: WindowId(1), event: CursorMoved { position: Point { x: 108.0, y: 174.0 } } }
EVENT: Window { window_id: WindowId(1), event: CursorMoved { position: Point { x: 108.0, y: 173.0 } } }
EVENT: Window { window_id: WindowId(1), event: CursorMoved { position: Point { x: 108.0, y: 173.0 } } }
EVENT: Window { window_id: WindowId(1), event: CursorMoved { position: Point { x: 108.0, y: 172.0 } } }
EVENT: Window { window_id: WindowId(1), event: CursorMoved { position: Point { x: 108.0, y: 172.0 } } }
EVENT: Window { window_id: WindowId(1), event: CursorMoved { position: Point { x: 108.0, y: 171.0 } } }
EVENT: Window { window_id: WindowId(1), event: CursorMoved { position: Point { x: 108.0, y: 170.0 } } }
EVENT: Window { window_id: WindowId(1), event: CursorMoved { position: Point { x: 108.0, y: 170.0 } } }
EVENT: Window { window_id: WindowId(1), event: CursorMoved { position: Point { x: 108.0, y: 169.0 } } }
EVENT: Window { window_id: WindowId(1), event: CursorMoved { position: Point { x: 108.0, y: 169.0 } } }
EVENT: Window { window_id: WindowId(1), event: CursorMoved { position: Point { x: 108.0, y: 168.0 } } }
EVENT: Window { window_id: WindowId(1), event: CursorMoved { position: Point { x: 108.0, y: 168.0 } } }
EVENT: Window { window_id: WindowId(1), event: CursorMoved { position: Point { x: 108.0, y: 167.0 } } }
EVENT: Window { window_id: WindowId(1), event: CursorMoved { position: Point { x: 108.0, y: 166.0 } } }
EVENT: Window { window_id: WindowId(1), event: CursorMoved { position: Point { x: 108.0, y: 166.0 } } }
EVENT: Window { window_id: WindowId(1), event: CursorMoved { position: Point { x: 109.0, y: 166.0 } } }
EVENT: Window { window_id: WindowId(1), event: CursorMoved { position: Point { x: 109.0, y: 165.0 } } }
EVENT: Window { window_id: WindowId(1), event: CursorMoved { position: Point { x: 109.0, y: 165.0 } } }
EVENT: Window { window_id: WindowId(1), event: CursorMoved { position: Point { x: 109.0, y: 164.0 } } }
EVENT: Window { window_id: WindowId(1), event: CursorMoved { position: Point { x: 109.0, y: 164.0 } } }
EVENT: Window { window_id: WindowId(1), event: CursorMoved { position: Point { x: 109.0, y: 163.0 } } }
EVENT: Window { window_id: WindowId(1), event: CursorMoved { position: Point { x: 109.0, y: 163.0 } } }
EVENT: Window { window_id: WindowId(1), event: CursorMoved { position: Point { x: 109.0, y: 162.0 } } }
EVENT: Window { window_id: WindowId(1), event: CursorMoved { position: Point { x: 109.0, y: 162.0 } } }
EVENT: Window { window_id: WindowId(1), event: CursorMoved { position: Point { x: 109.0, y: 161.0 } } }
EVENT: Window { window_id: WindowId(1), event: CursorMoved { position: Point { x: 109.0, y: 161.0 } } }
EVENT: Window { window_id: WindowId(1), event: CursorMoved { position: Point { x: 109.0, y: 160.0 } } }
EVENT: Window { window_id: WindowId(1), event: CursorMoved { position: Point { x: 109.0, y: 160.0 } } }
EVENT: Window { window_id: WindowId(1), event: CursorMoved { position: Point { x: 109.0, y: 159.0 } } }
EVENT: Window { window_id: WindowId(1), event: CursorMoved { position: Point { x: 110.0, y: 159.0 } } }
EVENT: Window { window_id: WindowId(1), event: CursorMoved { position: Point { x: 110.0, y: 158.0 } } }
EVENT: Window { window_id: WindowId(1), event: CursorMoved { position: Point { x: 110.0, y: 158.0 } } }
EVENT: Window { window_id: WindowId(1), event: CursorMoved { position: Point { x: 110.0, y: 157.0 } } }
EVENT: Window { window_id: WindowId(1), event: CursorMoved { position: Point { x: 110.0, y: 157.0 } } }
EVENT: Window { window_id: WindowId(1), event: CursorMoved { position: Point { x: 110.0, y: 156.0 } } }
EVENT: Window { window_id: WindowId(1), event: CursorMoved { position: Point { x: 110.0, y: 156.0 } } }
EVENT: Window { window_id: WindowId(1), event: CursorMoved { position: Point { x: 110.0, y: 155.0 } } }
EVENT: Window { window_id: WindowId(1), event: CursorMoved { position: Point { x: 110.0, y: 154.0 } } }
EVENT: Window { window_id: WindowId(1), event: CursorMoved { position: Point { x: 110.0, y: 154.0 } } }
EVENT: Window { window_id: WindowId(1), event: CursorMoved { position: Point { x: 110.0, y: 153.0 } } }
EVENT: Window { window_id: WindowId(1), event: CursorMoved { position: Point { x: 110.0, y: 153.0 } } }
EVENT: Window { window_id: WindowId(1), event: CursorMoved { position: Point { x: 110.0, y: 152.0 } } }
EVENT: Window { window_id: WindowId(1), event: CursorMoved { position: Point { x: 111.0, y: 152.0 } } }
EVENT: Window { window_id: WindowId(1), event: CursorMoved { position: Point { x: 111.0, y: 151.0 } } }
EVENT: Window { window_id: WindowId(1), event: CursorMoved { position: Point { x: 111.0, y: 151.0 } } }
EVENT: Window { window_id: WindowId(1), event: CursorMoved { position: Point { x: 111.0, y: 150.0 } } }
EVENT: Window { window_id: WindowId(1), event: CursorMoved { position: Point { x: 111.0, y: 149.0 } } }
EVENT: Window { window_id: WindowId(1), event: CursorMoved { position: Point { x: 111.0, y: 149.0 } } }
EVENT: Window { window_id: WindowId(1), event: CursorMoved { position: Point { x: 111.0, y: 148.0 } } }
EVENT: Window { window_id: WindowId(1), event: CursorMoved { position: Point { x: 111.0, y: 148.0 } } }
EVENT: Window { window_id: WindowId(1), event: CursorMoved { position: Point { x: 111.0, y: 147.0 } } }
EVENT: Window { window_id: WindowId(1), event: CursorMoved { position: Point { x: 111.0, y: 147.0 } } }
EVENT: Window { window_id: WindowId(1), event: CursorMoved { position: Point { x: 111.0, y: 146.0 } } }
EVENT: Window { window_id: WindowId(1), event: CursorMoved { position: Point { x: 111.0, y: 145.0 } } }
EVENT: Window { window_id: WindowId(1), event: CursorMoved { position: Point { x: 111.0, y: 145.0 } } }
EVENT: Window { window_id: WindowId(1), event: CursorMoved { position: Point { x: 111.0, y: 144.0 } } }
EVENT: Window { window_id: WindowId(1), event: CursorMoved { position: Point { x: 111.0, y: 144.0 } } }
EVENT: Window { window_id: WindowId(1), event: CursorMoved { position: Point { x: 111.0, y: 143.0 } } }
EVENT: Window { window_id: WindowId(1), event: CursorMoved { position: Point { x: 111.0, y: 143.0 } } }
EVENT: Window { window_id: WindowId(1), event: CursorMoved { position: Point { x: 111.0, y: 142.0 } } }
EVENT: Window { window_id: WindowId(1), event: CursorMoved { position: Point { x: 111.0, y: 141.0 } } }
EVENT: Window { window_id: WindowId(1), event: CursorMoved { position: Point { x: 111.0, y: 141.0 } } }
EVENT: Window { window_id: WindowId(1), event: CursorMoved { position: Point { x: 111.0, y: 140.0 } } }
EVENT: Window { window_id: WindowId(1), event: CursorMoved { position: Point { x: 111.0, y: 140.0 } } }
EVENT: Window { window_id: WindowId(1), event: CursorMoved { position: Point { x: 111.0, y: 139.0 } } }
EVENT: Window { window_id: WindowId(1), event: CursorMoved { position: Point { x: 111.0, y: 139.0 } } }
EVENT: Window { window_id: WindowId(1), event: CursorMoved { position: Point { x: 111.0, y: 138.0 } } }
EVENT: Window { window_id: WindowId(1), event: CursorMoved { position: Point { x: 111.0, y: 137.0 } } }
EVENT: Window { window_id: WindowId(1), event: CursorMoved { position: Point { x: 111.0, y: 137.0 } } }
EVENT: Window { window_id: WindowId(1), event: CursorMoved { position: Point { x: 112.0, y: 136.0 } } }
EVENT: Window { window_id: WindowId(1), event: CursorMoved { position: Point { x: 112.0, y: 136.0 } } }
EVENT: Window { window_id: WindowId(1), event: CursorMoved { position: Point { x: 112.0, y: 135.0 } } }
EVENT: Window { window_id: WindowId(1), event: CursorMoved { position: Point { x: 112.0, y: 135.0 } } }
EVENT: Window { window_id: WindowId(1), event: CursorMoved { position: Point { x: 112.0, y: 134.0 } } }
EVENT: Window { window_id: WindowId(1), event: CursorMoved { position: Point { x: 112.0, y: 133.0 } } }
EVENT: Window { window_id: WindowId(1), event: CursorMoved { position: Point { x: 112.0, y: 133.0 } } }
EVENT: Window { window_id: WindowId(1), event: CursorMoved { position: Point { x: 112.0, y: 132.0 } } }
EVENT: Window { window_id: WindowId(1), event: CursorMoved { position: Point { x: 112.0, y: 132.0 } } }
EVENT: Window { window_id: WindowId(1), event: CursorMoved { position: Point { x: 112.0, y: 131.0 } } }
EVENT: Window { window_id: WindowId(1), event: CursorMoved { position: Point { x: 112.0, y: 131.0 } } }
EVENT: Window { window_id: WindowId(1), event: CursorMoved { position: Point { x: 112.0, y: 130.0 } } }
EVENT: Window { window_id: WindowId(1), event: CursorMoved { position: Point { x: 113.0, y: 130.0 } } }
EVENT: Window { window_id: WindowId(1), event: CursorMoved { position: Point { x: 113.0, y: 129.0 } } }
EVENT: Window { window_id: WindowId(1), event: CursorMoved { position: Point { x: 113.0, y: 129.0 } } }
EVENT: Window { window_id: WindowId(1), event: CursorMoved { position: Point { x: 113.0, y: 128.0 } } }
EVENT: Window { window_id: WindowId(1), event: CursorMoved { position: Point { x: 113.0, y: 128.0 } } }
EVENT: Window { window_id: WindowId(1), event: CursorMoved { position: Point { x: 113.0, y: 127.0 } } }
EVENT: Window { window_id: WindowId(1), event: CursorMoved { position: Point { x: 113.0, y: 127.0 } } }
EVENT: Window { window_id: WindowId(1), event: CursorMoved { position: Point { x: 113.0, y: 126.0 } } }
EVENT: Window { window_id: WindowId(1), event: CursorMoved { position: Point { x: 113.0, y: 125.0 } } }
EVENT: Window { window_id: WindowId(1), event: CursorMoved { position: Point { x: 113.0, y: 125.0 } } }
EVENT: Window { window_id: WindowId(1), event: CursorMoved { position: Point { x: 113.0, y: 124.0 } } }
EVENT: Window { window_id: WindowId(1), event: CursorMoved { position: Point { x: 112.0, y: 124.0 } } }
EVENT: Window { window_id: WindowId(1), event: MouseInput(MouseInput { button: Left, state: Pressed, position: Point { x: 112.0, y: 124.0 }, modifiers: Modifiers { shift: false, ctrl: false, alt: false, meta: false } }) }
Click at (112, 124)
  Hit widget node: NodeId(4)
  Mapped to app node: NodeId(4)
  Focused text input
EVENT: Window { window_id: WindowId(1), event: MouseInput(MouseInput { button: Left, state: Released, position: Point { x: 112.0, y: 124.0 }, modifiers: Modifiers { shift: false, ctrl: false, alt: false, meta: false } }) }
EVENT: Window { window_id: WindowId(1), event: CursorMoved { position: Point { x: 112.0, y: 124.0 } } }
EVENT: Window { window_id: WindowId(1), event: CursorMoved { position: Point { x: 112.0, y: 123.0 } } }
EVENT: Window { window_id: WindowId(1), event: CursorMoved { position: Point { x: 112.0, y: 123.0 } } }
EVENT: Window { window_id: WindowId(1), event: CursorMoved { position: Point { x: 112.0, y: 122.0 } } }
EVENT: Window { window_id: WindowId(1), event: CursorMoved { position: Point { x: 112.0, y: 121.0 } } }
EVENT: Window { window_id: WindowId(1), event: CursorMoved { position: Point { x: 112.0, y: 121.0 } } }
EVENT: Window { window_id: WindowId(1), event: CursorMoved { position: Point { x: 112.0, y: 120.0 } } }
EVENT: Window { window_id: WindowId(1), event: CursorMoved { position: Point { x: 112.0, y: 120.0 } } }
EVENT: Window { window_id: WindowId(1), event: CursorMoved { position: Point { x: 112.0, y: 119.0 } } }
EVENT: Window { window_id: WindowId(1), event: CursorMoved { position: Point { x: 112.0, y: 119.0 } } }
EVENT: Window { window_id: WindowId(1), event: CursorMoved { position: Point { x: 112.0, y: 118.0 } } }
EVENT: Window { window_id: WindowId(1), event: CursorMoved { position: Point { x: 112.0, y: 118.0 } } }
EVENT: Window { window_id: WindowId(1), event: CursorMoved { position: Point { x: 112.0, y: 117.0 } } }
EVENT: Window { window_id: WindowId(1), event: CursorMoved { position: Point { x: 112.0, y: 116.0 } } }
EVENT: Window { window_id: WindowId(1), event: CursorMoved { position: Point { x: 112.0, y: 116.0 } } }
EVENT: Window { window_id: WindowId(1), event: CursorMoved { position: Point { x: 112.0, y: 115.0 } } }
EVENT: Window { window_id: WindowId(1), event: CursorMoved { position: Point { x: 112.0, y: 115.0 } } }
EVENT: Window { window_id: WindowId(1), event: CursorMoved { position: Point { x: 112.0, y: 114.0 } } }
EVENT: Window { window_id: WindowId(1), event: CursorMoved { position: Point { x: 112.0, y: 114.0 } } }
EVENT: Window { window_id: WindowId(1), event: CursorMoved { position: Point { x: 112.0, y: 113.0 } } }
EVENT: Window { window_id: WindowId(1), event: CursorMoved { position: Point { x: 112.0, y: 112.0 } } }
EVENT: Window { window_id: WindowId(1), event: CursorMoved { position: Point { x: 112.0, y: 112.0 } } }
EVENT: Window { window_id: WindowId(1), event: CursorMoved { position: Point { x: 112.0, y: 111.0 } } }
EVENT: Window { window_id: WindowId(1), event: CursorMoved { position: Point { x: 111.0, y: 111.0 } } }
EVENT: Window { window_id: WindowId(1), event: CursorMoved { position: Point { x: 111.0, y: 110.0 } } }
EVENT: Window { window_id: WindowId(1), event: CursorMoved { position: Point { x: 111.0, y: 110.0 } } }
EVENT: Window { window_id: WindowId(1), event: CursorMoved { position: Point { x: 111.0, y: 109.0 } } }
EVENT: Window { window_id: WindowId(1), event: CursorMoved { position: Point { x: 111.0, y: 108.0 } } }
EVENT: Window { window_id: WindowId(1), event: CursorMoved { position: Point { x: 111.0, y: 108.0 } } }
EVENT: Window { window_id: WindowId(1), event: CursorMoved { position: Point { x: 111.0, y: 107.0 } } }
EVENT: Window { window_id: WindowId(1), event: CursorMoved { position: Point { x: 111.0, y: 107.0 } } }
EVENT: Window { window_id: WindowId(1), event: CursorMoved { position: Point { x: 111.0, y: 106.0 } } }
EVENT: Window { window_id: WindowId(1), event: CursorMoved { position: Point { x: 111.0, y: 106.0 } } }
EVENT: Window { window_id: WindowId(1), event: CursorMoved { position: Point { x: 111.0, y: 105.0 } } }
EVENT: Window { window_id: WindowId(1), event: CursorMoved { position: Point { x: 111.0, y: 104.0 } } }
EVENT: Window { window_id: WindowId(1), event: CursorMoved { position: Point { x: 111.0, y: 104.0 } } }
EVENT: Window { window_id: WindowId(1), event: CursorMoved { position: Point { x: 111.0, y: 103.0 } } }
EVENT: Window { window_id: WindowId(1), event: CursorMoved { position: Point { x: 111.0, y: 103.0 } } }
EVENT: Window { window_id: WindowId(1), event: CursorMoved { position: Point { x: 111.0, y: 102.0 } } }
EVENT: Window { window_id: WindowId(1), event: CursorMoved { position: Point { x: 111.0, y: 102.0 } } }
EVENT: Window { window_id: WindowId(1), event: CursorMoved { position: Point { x: 111.0, y: 101.0 } } }
EVENT: Window { window_id: WindowId(1), event: CursorMoved { position: Point { x: 111.0, y: 100.0 } } }
EVENT: Window { window_id: WindowId(1), event: CursorMoved { position: Point { x: 111.0, y: 100.0 } } }
EVENT: Window { window_id: WindowId(1), event: CursorMoved { position: Point { x: 111.0, y: 99.0 } } }
EVENT: Window { window_id: WindowId(1), event: CursorMoved { position: Point { x: 111.0, y: 99.0 } } }
EVENT: Window { window_id: WindowId(1), event: CursorMoved { position: Point { x: 111.0, y: 98.0 } } }
EVENT: Window { window_id: WindowId(1), event: CursorMoved { position: Point { x: 111.0, y: 98.0 } } }
EVENT: Window { window_id: WindowId(1), event: CursorMoved { position: Point { x: 111.0, y: 97.0 } } }
EVENT: Window { window_id: WindowId(1), event: CursorMoved { position: Point { x: 111.0, y: 96.0 } } }
EVENT: Window { window_id: WindowId(1), event: CursorMoved { position: Point { x: 111.0, y: 96.0 } } }
EVENT: Window { window_id: WindowId(1), event: CursorMoved { position: Point { x: 111.0, y: 95.0 } } }
EVENT: Window { window_id: WindowId(1), event: CursorMoved { position: Point { x: 111.0, y: 95.0 } } }
EVENT: Window { window_id: WindowId(1), event: CursorMoved { position: Point { x: 111.0, y: 94.0 } } }
EVENT: Window { window_id: WindowId(1), event: CursorMoved { position: Point { x: 111.0, y: 94.0 } } }
EVENT: Window { window_id: WindowId(1), event: CursorMoved { position: Point { x: 111.0, y: 93.0 } } }
EVENT: Window { window_id: WindowId(1), event: CursorMoved { position: Point { x: 110.0, y: 92.0 } } }
EVENT: Window { window_id: WindowId(1), event: CursorMoved { position: Point { x: 110.0, y: 92.0 } } }
EVENT: Window { window_id: WindowId(1), event: CursorMoved { position: Point { x: 110.0, y: 91.0 } } }
EVENT: Window { window_id: WindowId(1), event: CursorMoved { position: Point { x: 110.0, y: 91.0 } } }
EVENT: Window { window_id: WindowId(1), event: CursorMoved { position: Point { x: 110.0, y: 90.0 } } }
EVENT: Window { window_id: WindowId(1), event: CursorMoved { position: Point { x: 110.0, y: 90.0 } } }
EVENT: Window { window_id: WindowId(1), event: CursorMoved { position: Point { x: 110.0, y: 89.0 } } }
EVENT: Window { window_id: WindowId(1), event: CursorMoved { position: Point { x: 110.0, y: 88.0 } } }
EVENT: Window { window_id: WindowId(1), event: CursorMoved { position: Point { x: 110.0, y: 88.0 } } }
EVENT: Window { window_id: WindowId(1), event: CursorMoved { position: Point { x: 110.0, y: 87.0 } } }
EVENT: Window { window_id: WindowId(1), event: CursorMoved { position: Point { x: 110.0, y: 87.0 } } }
EVENT: Window { window_id: WindowId(1), event: CursorMoved { position: Point { x: 110.0, y: 86.0 } } }
EVENT: Window { window_id: WindowId(1), event: CursorMoved { position: Point { x: 110.0, y: 86.0 } } }
EVENT: Window { window_id: WindowId(1), event: CursorMoved { position: Point { x: 110.0, y: 85.0 } } }
EVENT: Window { window_id: WindowId(1), event: CursorMoved { position: Point { x: 110.0, y: 85.0 } } }
EVENT: Window { window_id: WindowId(1), event: CursorMoved { position: Point { x: 110.0, y: 84.0 } } }
EVENT: Window { window_id: WindowId(1), event: CursorMoved { position: Point { x: 110.0, y: 84.0 } } }
EVENT: Window { window_id: WindowId(1), event: CursorMoved { position: Point { x: 110.0, y: 83.0 } } }
EVENT: Window { window_id: WindowId(1), event: CursorMoved { position: Point { x: 110.0, y: 83.0 } } }
EVENT: Window { window_id: WindowId(1), event: CursorMoved { position: Point { x: 110.0, y: 82.0 } } }
EVENT: Window { window_id: WindowId(1), event: CursorMoved { position: Point { x: 110.0, y: 82.0 } } }
EVENT: Window { window_id: WindowId(1), event: CursorMoved { position: Point { x: 110.0, y: 81.0 } } }
EVENT: Window { window_id: WindowId(1), event: CursorMoved { position: Point { x: 109.0, y: 81.0 } } }
EVENT: Window { window_id: WindowId(1), event: CursorMoved { position: Point { x: 109.0, y: 81.0 } } }
EVENT: Window { window_id: WindowId(1), event: CursorMoved { position: Point { x: 109.0, y: 80.0 } } }
EVENT: Window { window_id: WindowId(1), event: CursorMoved { position: Point { x: 109.0, y: 79.0 } } }
EVENT: Window { window_id: WindowId(1), event: CursorMoved { position: Point { x: 109.0, y: 79.0 } } }
EVENT: Window { window_id: WindowId(1), event: CursorMoved { position: Point { x: 109.0, y: 79.0 } } }
EVENT: Window { window_id: WindowId(1), event: CursorMoved { position: Point { x: 109.0, y: 78.0 } } }
EVENT: Window { window_id: WindowId(1), event: CursorMoved { position: Point { x: 109.0, y: 78.0 } } }
EVENT: Window { window_id: WindowId(1), event: CursorMoved { position: Point { x: 109.0, y: 77.0 } } }
EVENT: Window { window_id: WindowId(1), event: CursorMoved { position: Point { x: 109.0, y: 77.0 } } }
EVENT: Window { window_id: WindowId(1), event: MouseInput(MouseInput { button: Left, state: Pressed, position: Point { x: 109.0, y: 77.0 }, modifiers: Modifiers { shift: false, ctrl: false, alt: false, meta: false } }) }
Click at (109, 77)
  Hit widget node: NodeId(2)
  Mapped to app node: NodeId(2)
  Focused text input
EVENT: Window { window_id: WindowId(1), event: MouseInput(MouseInput { button: Left, state: Released, position: Point { x: 109.0, y: 77.0 }, modifiers: Modifiers { shift: false, ctrl: false, alt: false, meta: false } }) }
EVENT: Window { window_id: WindowId(1), event: MouseInput(MouseInput { button: Left, state: Pressed, position: Point { x: 109.0, y: 77.0 }, modifiers: Modifiers { shift: false, ctrl: false, alt: false, meta: false } }) }
Click at (109, 77)
  Hit widget node: NodeId(2)
  Mapped to app node: NodeId(2)
  Focused text input
EVENT: Window { window_id: WindowId(1), event: MouseInput(MouseInput { button: Left, state: Released, position: Point { x: 109.0, y: 77.0 }, modifiers: Modifiers { shift: false, ctrl: false, alt: false, meta: false } }) }
EVENT: Window { window_id: WindowId(1), event: CursorMoved { position: Point { x: 109.0, y: 78.0 } } }
EVENT: Window { window_id: WindowId(1), event: CursorMoved { position: Point { x: 109.0, y: 78.0 } } }
EVENT: Window { window_id: WindowId(1), event: CursorMoved { position: Point { x: 109.0, y: 79.0 } } }
EVENT: Window { window_id: WindowId(1), event: CursorMoved { position: Point { x: 109.0, y: 79.0 } } }
EVENT: Window { window_id: WindowId(1), event: CursorMoved { position: Point { x: 109.0, y: 80.0 } } }
EVENT: Window { window_id: WindowId(1), event: CursorMoved { position: Point { x: 109.0, y: 81.0 } } }
EVENT: Window { window_id: WindowId(1), event: CursorMoved { position: Point { x: 109.0, y: 81.0 } } }
EVENT: Window { window_id: WindowId(1), event: CursorMoved { position: Point { x: 109.0, y: 82.0 } } }
EVENT: Window { window_id: WindowId(1), event: CursorMoved { position: Point { x: 109.0, y: 82.0 } } }
EVENT: Window { window_id: WindowId(1), event: CursorMoved { position: Point { x: 110.0, y: 83.0 } } }
EVENT: Window { window_id: WindowId(1), event: CursorMoved { position: Point { x: 110.0, y: 83.0 } } }
EVENT: Window { window_id: WindowId(1), event: CursorMoved { position: Point { x: 110.0, y: 84.0 } } }
EVENT: Window { window_id: WindowId(1), event: CursorMoved { position: Point { x: 110.0, y: 85.0 } } }
EVENT: Window { window_id: WindowId(1), event: CursorMoved { position: Point { x: 110.0, y: 85.0 } } }
EVENT: Window { window_id: WindowId(1), event: CursorMoved { position: Point { x: 110.0, y: 86.0 } } }
EVENT: Window { window_id: WindowId(1), event: CursorMoved { position: Point { x: 110.0, y: 86.0 } } }
EVENT: Window { window_id: WindowId(1), event: CursorMoved { position: Point { x: 110.0, y: 86.0 } } }
EVENT: Window { window_id: WindowId(1), event: CursorMoved { position: Point { x: 110.0, y: 87.0 } } }
EVENT: Window { window_id: WindowId(1), event: CursorMoved { position: Point { x: 110.0, y: 87.0 } } }
EVENT: Window { window_id: WindowId(1), event: CursorMoved { position: Point { x: 110.0, y: 88.0 } } }
EVENT: Window { window_id: WindowId(1), event: CursorMoved { position: Point { x: 110.0, y: 88.0 } } }
EVENT: Window { window_id: WindowId(1), event: CursorMoved { position: Point { x: 110.0, y: 89.0 } } }
EVENT: Window { window_id: WindowId(1), event: CursorMoved { position: Point { x: 110.0, y: 90.0 } } }
EVENT: Window { window_id: WindowId(1), event: CursorMoved { position: Point { x: 110.0, y: 90.0 } } }
EVENT: Window { window_id: WindowId(1), event: CursorMoved { position: Point { x: 110.0, y: 91.0 } } }
EVENT: Window { window_id: WindowId(1), event: CursorMoved { position: Point { x: 110.0, y: 91.0 } } }
EVENT: Window { window_id: WindowId(1), event: CursorMoved { position: Point { x: 110.0, y: 92.0 } } }
EVENT: Window { window_id: WindowId(1), event: CursorMoved { position: Point { x: 110.0, y: 92.0 } } }
EVENT: Window { window_id: WindowId(1), event: CursorMoved { position: Point { x: 111.0, y: 93.0 } } }
EVENT: Window { window_id: WindowId(1), event: CursorMoved { position: Point { x: 111.0, y: 94.0 } } }
EVENT: Window { window_id: WindowId(1), event: CursorMoved { position: Point { x: 111.0, y: 94.0 } } }
EVENT: Window { window_id: WindowId(1), event: CursorMoved { position: Point { x: 111.0, y: 95.0 } } }
EVENT: Window { window_id: WindowId(1), event: CursorMoved { position: Point { x: 111.0, y: 95.0 } } }
EVENT: Window { window_id: WindowId(1), event: CursorMoved { position: Point { x: 111.0, y: 96.0 } } }
EVENT: Window { window_id: WindowId(1), event: CursorMoved { position: Point { x: 111.0, y: 96.0 } } }
EVENT: Window { window_id: WindowId(1), event: CursorMoved { position: Point { x: 111.0, y: 97.0 } } }
EVENT: Window { window_id: WindowId(1), event: CursorMoved { position: Point { x: 111.0, y: 98.0 } } }
EVENT: Window { window_id: WindowId(1), event: CursorMoved { position: Point { x: 111.0, y: 98.0 } } }
EVENT: Window { window_id: WindowId(1), event: CursorMoved { position: Point { x: 111.0, y: 99.0 } } }
EVENT: Window { window_id: WindowId(1), event: CursorMoved { position: Point { x: 111.0, y: 99.0 } } }
EVENT: Window { window_id: WindowId(1), event: CursorMoved { position: Point { x: 111.0, y: 100.0 } } }
EVENT: Window { window_id: WindowId(1), event: CursorMoved { position: Point { x: 111.0, y: 100.0 } } }
EVENT: Window { window_id: WindowId(1), event: CursorMoved { position: Point { x: 111.0, y: 101.0 } } }
EVENT: Window { window_id: WindowId(1), event: CursorMoved { position: Point { x: 111.0, y: 102.0 } } }
EVENT: Window { window_id: WindowId(1), event: CursorMoved { position: Point { x: 111.0, y: 102.0 } } }
EVENT: Window { window_id: WindowId(1), event: CursorMoved { position: Point { x: 111.0, y: 103.0 } } }
EVENT: Window { window_id: WindowId(1), event: CursorMoved { position: Point { x: 111.0, y: 103.0 } } }
EVENT: Window { window_id: WindowId(1), event: CursorMoved { position: Point { x: 111.0, y: 104.0 } } }
EVENT: Window { window_id: WindowId(1), event: CursorMoved { position: Point { x: 111.0, y: 104.0 } } }
EVENT: Window { window_id: WindowId(1), event: CursorMoved { position: Point { x: 111.0, y: 105.0 } } }
EVENT: Window { window_id: WindowId(1), event: CursorMoved { position: Point { x: 111.0, y: 106.0 } } }
EVENT: Window { window_id: WindowId(1), event: CursorMoved { position: Point { x: 111.0, y: 106.0 } } }
EVENT: Window { window_id: WindowId(1), event: CursorMoved { position: Point { x: 111.0, y: 107.0 } } }
EVENT: Window { window_id: WindowId(1), event: CursorMoved { position: Point { x: 111.0, y: 107.0 } } }
EVENT: Window { window_id: WindowId(1), event: CursorMoved { position: Point { x: 111.0, y: 108.0 } } }
EVENT: Window { window_id: WindowId(1), event: CursorMoved { position: Point { x: 111.0, y: 108.0 } } }
EVENT: Window { window_id: WindowId(1), event: CursorMoved { position: Point { x: 111.0, y: 109.0 } } }
EVENT: Window { window_id: WindowId(1), event: CursorMoved { position: Point { x: 111.0, y: 110.0 } } }
EVENT: Window { window_id: WindowId(1), event: CursorMoved { position: Point { x: 112.0, y: 110.0 } } }
EVENT: Window { window_id: WindowId(1), event: CursorMoved { position: Point { x: 112.0, y: 110.0 } } }
EVENT: Window { window_id: WindowId(1), event: CursorMoved { position: Point { x: 112.0, y: 111.0 } } }
EVENT: Window { window_id: WindowId(1), event: CursorMoved { position: Point { x: 112.0, y: 111.0 } } }
EVENT: Window { window_id: WindowId(1), event: CursorMoved { position: Point { x: 112.0, y: 112.0 } } }
EVENT: Window { window_id: WindowId(1), event: CursorMoved { position: Point { x: 112.0, y: 112.0 } } }
EVENT: Window { window_id: WindowId(1), event: CursorMoved { position: Point { x: 112.0, y: 113.0 } } }
EVENT: Window { window_id: WindowId(1), event: CursorMoved { position: Point { x: 112.0, y: 114.0 } } }
EVENT: Window { window_id: WindowId(1), event: CursorMoved { position: Point { x: 112.0, y: 114.0 } } }
EVENT: Window { window_id: WindowId(1), event: CursorMoved { position: Point { x: 112.0, y: 115.0 } } }
EVENT: Window { window_id: WindowId(1), event: CursorMoved { position: Point { x: 112.0, y: 115.0 } } }
EVENT: Window { window_id: WindowId(1), event: CursorMoved { position: Point { x: 112.0, y: 116.0 } } }
EVENT: Window { window_id: WindowId(1), event: CursorMoved { position: Point { x: 112.0, y: 116.0 } } }
EVENT: Window { window_id: WindowId(1), event: CursorMoved { position: Point { x: 112.0, y: 117.0 } } }
EVENT: Window { window_id: WindowId(1), event: CursorMoved { position: Point { x: 112.0, y: 118.0 } } }
EVENT: Window { window_id: WindowId(1), event: CursorMoved { position: Point { x: 112.0, y: 118.0 } } }
EVENT: Window { window_id: WindowId(1), event: CursorMoved { position: Point { x: 112.0, y: 119.0 } } }
EVENT: Window { window_id: WindowId(1), event: CursorMoved { position: Point { x: 112.0, y: 119.0 } } }
EVENT: Window { window_id: WindowId(1), event: CursorMoved { position: Point { x: 112.0, y: 120.0 } } }
EVENT: Window { window_id: WindowId(1), event: CursorMoved { position: Point { x: 112.0, y: 120.0 } } }
EVENT: Window { window_id: WindowId(1), event: CursorMoved { position: Point { x: 112.0, y: 121.0 } } }
EVENT: Window { window_id: WindowId(1), event: CursorMoved { position: Point { x: 112.0, y: 121.0 } } }
EVENT: Window { window_id: WindowId(1), event: CursorMoved { position: Point { x: 113.0, y: 121.0 } } }
EVENT: Window { window_id: WindowId(1), event: CursorMoved { position: Point { x: 113.0, y: 122.0 } } }
EVENT: Window { window_id: WindowId(1), event: CursorMoved { position: Point { x: 113.0, y: 123.0 } } }
EVENT: Window { window_id: WindowId(1), event: CursorMoved { position: Point { x: 113.0, y: 123.0 } } }
EVENT: Window { window_id: WindowId(1), event: CursorMoved { position: Point { x: 113.0, y: 123.0 } } }
EVENT: Window { window_id: WindowId(1), event: CursorMoved { position: Point { x: 113.0, y: 124.0 } } }
EVENT: Window { window_id: WindowId(1), event: CursorMoved { position: Point { x: 113.0, y: 124.0 } } }
EVENT: Window { window_id: WindowId(1), event: CursorMoved { position: Point { x: 114.0, y: 125.0 } } }
EVENT: Window { window_id: WindowId(1), event: CursorMoved { position: Point { x: 114.0, y: 125.0 } } }
EVENT: Window { window_id: WindowId(1), event: CursorMoved { position: Point { x: 114.0, y: 126.0 } } }
EVENT: Window { window_id: WindowId(1), event: CursorMoved { position: Point { x: 114.0, y: 127.0 } } }
EVENT: Window { window_id: WindowId(1), event: CursorMoved { position: Point { x: 115.0, y: 127.0 } } }
EVENT: Window { window_id: WindowId(1), event: CursorMoved { position: Point { x: 115.0, y: 128.0 } } }
EVENT: Window { window_id: WindowId(1), event: CursorMoved { position: Point { x: 116.0, y: 128.0 } } }
EVENT: Window { window_id: WindowId(1), event: CursorMoved { position: Point { x: 117.0, y: 129.0 } } }
EVENT: Window { window_id: WindowId(1), event: CursorMoved { position: Point { x: 117.0, y: 129.0 } } }
EVENT: Window { window_id: WindowId(1), event: CursorMoved { position: Point { x: 117.0, y: 131.0 } } }
EVENT: Window { window_id: WindowId(1), event: CursorMoved { position: Point { x: 118.0, y: 131.0 } } }
EVENT: Window { window_id: WindowId(1), event: CursorMoved { position: Point { x: 118.0, y: 132.0 } } }
EVENT: Window { window_id: WindowId(1), event: CursorMoved { position: Point { x: 119.0, y: 132.0 } } }
EVENT: Window { window_id: WindowId(1), event: CursorMoved { position: Point { x: 120.0, y: 134.0 } } }
EVENT: Window { window_id: WindowId(1), event: CursorMoved { position: Point { x: 120.0, y: 134.0 } } }
EVENT: Window { window_id: WindowId(1), event: CursorMoved { position: Point { x: 121.0, y: 136.0 } } }
EVENT: Window { window_id: WindowId(1), event: CursorMoved { position: Point { x: 122.0, y: 136.0 } } }
EVENT: Window { window_id: WindowId(1), event: CursorMoved { position: Point { x: 123.0, y: 137.0 } } }
EVENT: Window { window_id: WindowId(1), event: CursorMoved { position: Point { x: 124.0, y: 138.0 } } }
EVENT: Window { window_id: WindowId(1), event: CursorMoved { position: Point { x: 125.0, y: 139.0 } } }
EVENT: Window { window_id: WindowId(1), event: CursorMoved { position: Point { x: 126.0, y: 140.0 } } }
EVENT: Window { window_id: WindowId(1), event: CursorMoved { position: Point { x: 127.0, y: 141.0 } } }
EVENT: Window { window_id: WindowId(1), event: CursorMoved { position: Point { x: 128.0, y: 142.0 } } }
EVENT: Window { window_id: WindowId(1), event: CursorMoved { position: Point { x: 129.0, y: 143.0 } } }
EVENT: Window { window_id: WindowId(1), event: CursorMoved { position: Point { x: 129.0, y: 144.0 } } }
EVENT: Window { window_id: WindowId(1), event: CursorMoved { position: Point { x: 131.0, y: 145.0 } } }
EVENT: Window { window_id: WindowId(1), event: CursorMoved { position: Point { x: 131.0, y: 146.0 } } }
EVENT: Window { window_id: WindowId(1), event: CursorMoved { position: Point { x: 132.0, y: 147.0 } } }
EVENT: Window { window_id: WindowId(1), event: CursorMoved { position: Point { x: 134.0, y: 148.0 } } }
EVENT: Window { window_id: WindowId(1), event: CursorMoved { position: Point { x: 135.0, y: 149.0 } } }
EVENT: Window { window_id: WindowId(1), event: CursorMoved { position: Point { x: 137.0, y: 150.0 } } }
EVENT: Window { window_id: WindowId(1), event: CursorMoved { position: Point { x: 138.0, y: 151.0 } } }
EVENT: Window { window_id: WindowId(1), event: CursorMoved { position: Point { x: 139.0, y: 151.0 } } }
EVENT: Window { window_id: WindowId(1), event: CursorMoved { position: Point { x: 140.0, y: 153.0 } } }
EVENT: Window { window_id: WindowId(1), event: CursorMoved { position: Point { x: 141.0, y: 153.0 } } }
EVENT: Window { window_id: WindowId(1), event: CursorMoved { position: Point { x: 143.0, y: 155.0 } } }
EVENT: Window { window_id: WindowId(1), event: CursorMoved { position: Point { x: 144.0, y: 155.0 } } }
EVENT: Window { window_id: WindowId(1), event: CursorMoved { position: Point { x: 145.0, y: 157.0 } } }
EVENT: Window { window_id: WindowId(1), event: CursorMoved { position: Point { x: 147.0, y: 157.0 } } }
EVENT: Window { window_id: WindowId(1), event: CursorMoved { position: Point { x: 148.0, y: 158.0 } } }
EVENT: Window { window_id: WindowId(1), event: CursorMoved { position: Point { x: 150.0, y: 159.0 } } }
EVENT: Window { window_id: WindowId(1), event: CursorMoved { position: Point { x: 151.0, y: 160.0 } } }
EVENT: Window { window_id: WindowId(1), event: CursorMoved { position: Point { x: 152.0, y: 160.0 } } }
EVENT: Window { window_id: WindowId(1), event: CursorMoved { position: Point { x: 154.0, y: 162.0 } } }
EVENT: Window { window_id: WindowId(1), event: CursorMoved { position: Point { x: 155.0, y: 162.0 } } }
EVENT: Window { window_id: WindowId(1), event: CursorMoved { position: Point { x: 156.0, y: 164.0 } } }
EVENT: Window { window_id: WindowId(1), event: CursorMoved { position: Point { x: 158.0, y: 164.0 } } }
EVENT: Window { window_id: WindowId(1), event: CursorMoved { position: Point { x: 160.0, y: 165.0 } } }
EVENT: Window { window_id: WindowId(1), event: CursorMoved { position: Point { x: 161.0, y: 166.0 } } }
EVENT: Window { window_id: WindowId(1), event: CursorMoved { position: Point { x: 163.0, y: 167.0 } } }
EVENT: Window { window_id: WindowId(1), event: CursorMoved { position: Point { x: 165.0, y: 168.0 } } }
EVENT: Window { window_id: WindowId(1), event: CursorMoved { position: Point { x: 166.0, y: 169.0 } } }
EVENT: Window { window_id: WindowId(1), event: CursorMoved { position: Point { x: 168.0, y: 170.0 } } }
EVENT: Window { window_id: WindowId(1), event: CursorMoved { position: Point { x: 169.0, y: 171.0 } } }
EVENT: Window { window_id: WindowId(1), event: CursorMoved { position: Point { x: 171.0, y: 172.0 } } }
EVENT: Window { window_id: WindowId(1), event: CursorMoved { position: Point { x: 173.0, y: 172.0 } } }
EVENT: Window { window_id: WindowId(1), event: CursorMoved { position: Point { x: 174.0, y: 174.0 } } }
EVENT: Window { window_id: WindowId(1), event: CursorMoved { position: Point { x: 176.0, y: 174.0 } } }
EVENT: Window { window_id: WindowId(1), event: CursorMoved { position: Point { x: 177.0, y: 175.0 } } }
EVENT: Window { window_id: WindowId(1), event: CursorMoved { position: Point { x: 178.0, y: 176.0 } } }
EVENT: Window { window_id: WindowId(1), event: CursorMoved { position: Point { x: 180.0, y: 176.0 } } }
EVENT: Window { window_id: WindowId(1), event: CursorMoved { position: Point { x: 181.0, y: 177.0 } } }
EVENT: Window { window_id: WindowId(1), event: CursorMoved { position: Point { x: 182.0, y: 178.0 } } }
EVENT: Window { window_id: WindowId(1), event: CursorMoved { position: Point { x: 184.0, y: 179.0 } } }
EVENT: Window { window_id: WindowId(1), event: CursorMoved { position: Point { x: 185.0, y: 180.0 } } }
EVENT: Window { window_id: WindowId(1), event: CursorMoved { position: Point { x: 187.0, y: 181.0 } } }
EVENT: Window { window_id: WindowId(1), event: CursorMoved { position: Point { x: 188.0, y: 181.0 } } }
EVENT: Window { window_id: WindowId(1), event: CursorMoved { position: Point { x: 189.0, y: 182.0 } } }
EVENT: Window { window_id: WindowId(1), event: CursorMoved { position: Point { x: 190.0, y: 182.0 } } }
EVENT: Window { window_id: WindowId(1), event: CursorMoved { position: Point { x: 191.0, y: 183.0 } } }
EVENT: Window { window_id: WindowId(1), event: CursorMoved { position: Point { x: 192.0, y: 184.0 } } }
EVENT: Window { window_id: WindowId(1), event: CursorMoved { position: Point { x: 193.0, y: 184.0 } } }
EVENT: Window { window_id: WindowId(1), event: CursorMoved { position: Point { x: 194.0, y: 185.0 } } }
EVENT: Window { window_id: WindowId(1), event: CursorMoved { position: Point { x: 195.0, y: 185.0 } } }
EVENT: Window { window_id: WindowId(1), event: CursorMoved { position: Point { x: 195.0, y: 186.0 } } }
EVENT: Window { window_id: WindowId(1), event: CursorMoved { position: Point { x: 196.0, y: 186.0 } } }
EVENT: Window { window_id: WindowId(1), event: CursorMoved { position: Point { x: 197.0, y: 187.0 } } }
EVENT: Window { window_id: WindowId(1), event: CursorMoved { position: Point { x: 198.0, y: 187.0 } } }
EVENT: Window { window_id: WindowId(1), event: CursorMoved { position: Point { x: 198.0, y: 187.0 } } }
EVENT: Window { window_id: WindowId(1), event: CursorMoved { position: Point { x: 200.0, y: 188.0 } } }
EVENT: Window { window_id: WindowId(1), event: CursorMoved { position: Point { x: 200.0, y: 188.0 } } }
EVENT: Window { window_id: WindowId(1), event: CursorMoved { position: Point { x: 201.0, y: 189.0 } } }
EVENT: Window { window_id: WindowId(1), event: CursorMoved { position: Point { x: 202.0, y: 189.0 } } }
EVENT: Window { window_id: WindowId(1), event: CursorMoved { position: Point { x: 203.0, y: 189.0 } } }
EVENT: Window { window_id: WindowId(1), event: CursorMoved { position: Point { x: 203.0, y: 189.0 } } }
EVENT: Window { window_id: WindowId(1), event: CursorMoved { position: Point { x: 204.0, y: 190.0 } } }
EVENT: Window { window_id: WindowId(1), event: CursorMoved { position: Point { x: 204.0, y: 190.0 } } }
EVENT: Window { window_id: WindowId(1), event: CursorMoved { position: Point { x: 205.0, y: 190.0 } } }
EVENT: Window { window_id: WindowId(1), event: CursorMoved { position: Point { x: 205.0, y: 190.0 } } }
EVENT: Window { window_id: WindowId(1), event: CursorMoved { position: Point { x: 205.0, y: 191.0 } } }
EVENT: Window { window_id: WindowId(1), event: CursorMoved { position: Point { x: 206.0, y: 191.0 } } }
EVENT: Window { window_id: WindowId(1), event: CursorMoved { position: Point { x: 207.0, y: 191.0 } } }
EVENT: Window { window_id: WindowId(1), event: CursorMoved { position: Point { x: 207.0, y: 191.0 } } }
EVENT: Window { window_id: WindowId(1), event: CursorMoved { position: Point { x: 208.0, y: 191.0 } } }
EVENT: Window { window_id: WindowId(1), event: CursorMoved { position: Point { x: 208.0, y: 192.0 } } }
EVENT: Window { window_id: WindowId(1), event: CursorMoved { position: Point { x: 209.0, y: 192.0 } } }
EVENT: Window { window_id: WindowId(1), event: CursorMoved { position: Point { x: 209.0, y: 193.0 } } }
EVENT: Window { window_id: WindowId(1), event: CursorMoved { position: Point { x: 210.0, y: 193.0 } } }
EVENT: Window { window_id: WindowId(1), event: CursorMoved { position: Point { x: 211.0, y: 193.0 } } }
EVENT: Window { window_id: WindowId(1), event: CursorMoved { position: Point { x: 211.0, y: 193.0 } } }
EVENT: Window { window_id: WindowId(1), event: CursorMoved { position: Point { x: 212.0, y: 193.0 } } }
EVENT: Window { window_id: WindowId(1), event: CursorMoved { position: Point { x: 212.0, y: 193.0 } } }
EVENT: Window { window_id: WindowId(1), event: CursorMoved { position: Point { x: 213.0, y: 194.0 } } }
EVENT: Window { window_id: WindowId(1), event: CursorMoved { position: Point { x: 213.0, y: 194.0 } } }
EVENT: Window { window_id: WindowId(1), event: CursorMoved { position: Point { x: 214.0, y: 194.0 } } }
EVENT: Window { window_id: WindowId(1), event: CursorMoved { position: Point { x: 215.0, y: 194.0 } } }
EVENT: Window { window_id: WindowId(1), event: CursorMoved { position: Point { x: 215.0, y: 194.0 } } }
EVENT: Window { window_id: WindowId(1), event: CursorMoved { position: Point { x: 216.0, y: 195.0 } } }
EVENT: Window { window_id: WindowId(1), event: CursorMoved { position: Point { x: 216.0, y: 195.0 } } }
EVENT: Window { window_id: WindowId(1), event: CursorMoved { position: Point { x: 217.0, y: 195.0 } } }
EVENT: Window { window_id: WindowId(1), event: CursorMoved { position: Point { x: 217.0, y: 195.0 } } }
EVENT: Window { window_id: WindowId(1), event: CursorMoved { position: Point { x: 218.0, y: 195.0 } } }
EVENT: Window { window_id: WindowId(1), event: CursorMoved { position: Point { x: 219.0, y: 195.0 } } }
EVENT: Window { window_id: WindowId(1), event: CursorMoved { position: Point { x: 219.0, y: 195.0 } } }
EVENT: Window { window_id: WindowId(1), event: CursorMoved { position: Point { x: 220.0, y: 195.0 } } }
EVENT: Window { window_id: WindowId(1), event: CursorMoved { position: Point { x: 220.0, y: 196.0 } } }
EVENT: Window { window_id: WindowId(1), event: CursorMoved { position: Point { x: 221.0, y: 196.0 } } }
EVENT: Window { window_id: WindowId(1), event: CursorMoved { position: Point { x: 222.0, y: 196.0 } } }
EVENT: Window { window_id: WindowId(1), event: CursorMoved { position: Point { x: 223.0, y: 196.0 } } }
EVENT: Window { window_id: WindowId(1), event: CursorMoved { position: Point { x: 224.0, y: 197.0 } } }
EVENT: Window { window_id: WindowId(1), event: CursorMoved { position: Point { x: 225.0, y: 197.0 } } }
EVENT: Window { window_id: WindowId(1), event: CursorMoved { position: Point { x: 226.0, y: 197.0 } } }
EVENT: Window { window_id: WindowId(1), event: CursorMoved { position: Point { x: 227.0, y: 197.0 } } }
EVENT: Window { window_id: WindowId(1), event: CursorMoved { position: Point { x: 228.0, y: 197.0 } } }
EVENT: Window { window_id: WindowId(1), event: CursorMoved { position: Point { x: 229.0, y: 197.0 } } }
EVENT: Window { window_id: WindowId(1), event: CursorMoved { position: Point { x: 229.0, y: 198.0 } } }
EVENT: Window { window_id: WindowId(1), event: CursorMoved { position: Point { x: 231.0, y: 198.0 } } }
EVENT: Window { window_id: WindowId(1), event: CursorMoved { position: Point { x: 232.0, y: 198.0 } } }
EVENT: Window { window_id: WindowId(1), event: CursorMoved { position: Point { x: 232.0, y: 198.0 } } }
EVENT: Window { window_id: WindowId(1), event: CursorMoved { position: Point { x: 234.0, y: 198.0 } } }
EVENT: Window { window_id: WindowId(1), event: CursorMoved { position: Point { x: 235.0, y: 198.0 } } }
EVENT: Window { window_id: WindowId(1), event: CursorMoved { position: Point { x: 236.0, y: 198.0 } } }
EVENT: Window { window_id: WindowId(1), event: CursorMoved { position: Point { x: 237.0, y: 198.0 } } }
EVENT: Window { window_id: WindowId(1), event: CursorMoved { position: Point { x: 238.0, y: 199.0 } } }
EVENT: Window { window_id: WindowId(1), event: CursorMoved { position: Point { x: 239.0, y: 199.0 } } }
EVENT: Window { window_id: WindowId(1), event: CursorMoved { position: Point { x: 241.0, y: 199.0 } } }
EVENT: Window { window_id: WindowId(1), event: CursorMoved { position: Point { x: 242.0, y: 199.0 } } }
EVENT: Window { window_id: WindowId(1), event: CursorMoved { position: Point { x: 243.0, y: 199.0 } } }
EVENT: Window { window_id: WindowId(1), event: CursorMoved { position: Point { x: 245.0, y: 199.0 } } }
EVENT: Window { window_id: WindowId(1), event: CursorMoved { position: Point { x: 247.0, y: 200.0 } } }
EVENT: Window { window_id: WindowId(1), event: CursorMoved { position: Point { x: 248.0, y: 200.0 } } }
EVENT: Window { window_id: WindowId(1), event: CursorMoved { position: Point { x: 249.0, y: 200.0 } } }
EVENT: Window { window_id: WindowId(1), event: CursorMoved { position: Point { x: 250.0, y: 200.0 } } }
EVENT: Window { window_id: WindowId(1), event: CursorMoved { position: Point { x: 253.0, y: 200.0 } } }
EVENT: Window { window_id: WindowId(1), event: CursorMoved { position: Point { x: 255.0, y: 200.0 } } }
EVENT: Window { window_id: WindowId(1), event: CursorMoved { position: Point { x: 256.0, y: 200.0 } } }
EVENT: Window { window_id: WindowId(1), event: CursorMoved { position: Point { x: 257.0, y: 200.0 } } }
EVENT: Window { window_id: WindowId(1), event: CursorMoved { position: Point { x: 260.0, y: 201.0 } } }
EVENT: Window { window_id: WindowId(1), event: CursorMoved { position: Point { x: 262.0, y: 201.0 } } }
EVENT: Window { window_id: WindowId(1), event: CursorMoved { position: Point { x: 264.0, y: 201.0 } } }
EVENT: Window { window_id: WindowId(1), event: CursorMoved { position: Point { x: 265.0, y: 201.0 } } }
EVENT: Window { window_id: WindowId(1), event: CursorMoved { position: Point { x: 267.0, y: 202.0 } } }
EVENT: Window { window_id: WindowId(1), event: CursorMoved { position: Point { x: 269.0, y: 202.0 } } }
EVENT: Window { window_id: WindowId(1), event: CursorMoved { position: Point { x: 272.0, y: 203.0 } } }
EVENT: Window { window_id: WindowId(1), event: CursorMoved { position: Point { x: 274.0, y: 203.0 } } }
EVENT: Window { window_id: WindowId(1), event: CursorMoved { position: Point { x: 275.0, y: 203.0 } } }
EVENT: Window { window_id: WindowId(1), event: CursorMoved { position: Point { x: 277.0, y: 203.0 } } }
EVENT: Window { window_id: WindowId(1), event: CursorMoved { position: Point { x: 279.0, y: 203.0 } } }
EVENT: Window { window_id: WindowId(1), event: CursorMoved { position: Point { x: 282.0, y: 203.0 } } }
EVENT: Window { window_id: WindowId(1), event: CursorMoved { position: Point { x: 284.0, y: 204.0 } } }
EVENT: Window { window_id: WindowId(1), event: CursorMoved { position: Point { x: 287.0, y: 204.0 } } }
EVENT: Window { window_id: WindowId(1), event: CursorMoved { position: Point { x: 289.0, y: 204.0 } } }
EVENT: Window { window_id: WindowId(1), event: CursorMoved { position: Point { x: 291.0, y: 204.0 } } }
EVENT: Window { window_id: WindowId(1), event: CursorMoved { position: Point { x: 293.0, y: 205.0 } } }
EVENT: Window { window_id: WindowId(1), event: CursorMoved { position: Point { x: 296.0, y: 205.0 } } }
EVENT: Window { window_id: WindowId(1), event: CursorMoved { position: Point { x: 298.0, y: 205.0 } } }
EVENT: Window { window_id: WindowId(1), event: CursorMoved { position: Point { x: 301.0, y: 205.0 } } }
EVENT: Window { window_id: WindowId(1), event: CursorMoved { position: Point { x: 304.0, y: 205.0 } } }
EVENT: Window { window_id: WindowId(1), event: CursorMoved { position: Point { x: 306.0, y: 205.0 } } }
EVENT: Window { window_id: WindowId(1), event: CursorMoved { position: Point { x: 310.0, y: 206.0 } } }
EVENT: Window { window_id: WindowId(1), event: CursorMoved { position: Point { x: 312.0, y: 206.0 } } }
EVENT: Window { window_id: WindowId(1), event: CursorMoved { position: Point { x: 314.0, y: 206.0 } } }
EVENT: Window { window_id: WindowId(1), event: CursorMoved { position: Point { x: 317.0, y: 207.0 } } }
EVENT: Window { window_id: WindowId(1), event: CursorMoved { position: Point { x: 320.0, y: 208.0 } } }
EVENT: Window { window_id: WindowId(1), event: CursorMoved { position: Point { x: 323.0, y: 208.0 } } }
EVENT: Window { window_id: WindowId(1), event: CursorMoved { position: Point { x: 325.0, y: 208.0 } } }
EVENT: Window { window_id: WindowId(1), event: CursorMoved { position: Point { x: 328.0, y: 209.0 } } }
EVENT: Window { window_id: WindowId(1), event: CursorMoved { position: Point { x: 330.0, y: 209.0 } } }
EVENT: Window { window_id: WindowId(1), event: CursorMoved { position: Point { x: 333.0, y: 209.0 } } }
EVENT: Window { window_id: WindowId(1), event: CursorMoved { position: Point { x: 336.0, y: 209.0 } } }
EVENT: Window { window_id: WindowId(1), event: CursorMoved { position: Point { x: 339.0, y: 210.0 } } }
EVENT: Window { window_id: WindowId(1), event: CursorMoved { position: Point { x: 342.0, y: 210.0 } } }
EVENT: Window { window_id: WindowId(1), event: CursorMoved { position: Point { x: 345.0, y: 211.0 } } }
EVENT: Window { window_id: WindowId(1), event: CursorMoved { position: Point { x: 348.0, y: 211.0 } } }
EVENT: Window { window_id: WindowId(1), event: CursorMoved { position: Point { x: 350.0, y: 212.0 } } }
EVENT: Window { window_id: WindowId(1), event: CursorMoved { position: Point { x: 353.0, y: 212.0 } } }
EVENT: Window { window_id: WindowId(1), event: CursorMoved { position: Point { x: 356.0, y: 212.0 } } }
EVENT: Window { window_id: WindowId(1), event: CursorMoved { position: Point { x: 358.0, y: 212.0 } } }
EVENT: Window { window_id: WindowId(1), event: CursorMoved { position: Point { x: 361.0, y: 213.0 } } }
EVENT: Window { window_id: WindowId(1), event: CursorMoved { position: Point { x: 364.0, y: 213.0 } } }
EVENT: Window { window_id: WindowId(1), event: CursorMoved { position: Point { x: 367.0, y: 214.0 } } }
EVENT: Window { window_id: WindowId(1), event: CursorMoved { position: Point { x: 370.0, y: 214.0 } } }
EVENT: Window { window_id: WindowId(1), event: CursorMoved { position: Point { x: 372.0, y: 215.0 } } }
EVENT: Window { window_id: WindowId(1), event: CursorMoved { position: Point { x: 375.0, y: 215.0 } } }
EVENT: Window { window_id: WindowId(1), event: CursorMoved { position: Point { x: 378.0, y: 215.0 } } }
EVENT: Window { window_id: WindowId(1), event: CursorMoved { position: Point { x: 381.0, y: 216.0 } } }
EVENT: Window { window_id: WindowId(1), event: CursorMoved { position: Point { x: 384.0, y: 216.0 } } }
EVENT: Window { window_id: WindowId(1), event: CursorMoved { position: Point { x: 387.0, y: 217.0 } } }
EVENT: Window { window_id: WindowId(1), event: CursorMoved { position: Point { x: 390.0, y: 217.0 } } }
EVENT: Window { window_id: WindowId(1), event: CursorMoved { position: Point { x: 392.0, y: 218.0 } } }
EVENT: Window { window_id: WindowId(1), event: CursorMoved { position: Point { x: 395.0, y: 218.0 } } }
EVENT: Window { window_id: WindowId(1), event: CursorMoved { position: Point { x: 398.0, y: 218.0 } } }
EVENT: Window { window_id: WindowId(1), event: CursorMoved { position: Point { x: 401.0, y: 218.0 } } }
EVENT: Window { window_id: WindowId(1), event: CursorMoved { position: Point { x: 403.0, y: 219.0 } } }
EVENT: Window { window_id: WindowId(1), event: CursorMoved { position: Point { x: 406.0, y: 219.0 } } }
EVENT: Window { window_id: WindowId(1), event: CursorMoved { position: Point { x: 408.0, y: 219.0 } } }
EVENT: Window { window_id: WindowId(1), event: CursorMoved { position: Point { x: 410.0, y: 220.0 } } }
EVENT: Window { window_id: WindowId(1), event: CursorMoved { position: Point { x: 413.0, y: 221.0 } } }
EVENT: Window { window_id: WindowId(1), event: CursorMoved { position: Point { x: 416.0, y: 221.0 } } }
EVENT: Window { window_id: WindowId(1), event: CursorMoved { position: Point { x: 419.0, y: 221.0 } } }
EVENT: Window { window_id: WindowId(1), event: CursorMoved { position: Point { x: 422.0, y: 221.0 } } }
EVENT: Window { window_id: WindowId(1), event: CursorMoved { position: Point { x: 425.0, y: 221.0 } } }
EVENT: Window { window_id: WindowId(1), event: CursorMoved { position: Point { x: 428.0, y: 221.0 } } }
EVENT: Window { window_id: WindowId(1), event: CursorMoved { position: Point { x: 430.0, y: 221.0 } } }
EVENT: Window { window_id: WindowId(1), event: CursorMoved { position: Point { x: 432.0, y: 222.0 } } }
EVENT: Window { window_id: WindowId(1), event: CursorMoved { position: Point { x: 435.0, y: 222.0 } } }
EVENT: Window { window_id: WindowId(1), event: CursorMoved { position: Point { x: 438.0, y: 223.0 } } }
EVENT: Window { window_id: WindowId(1), event: CursorMoved { position: Point { x: 440.0, y: 223.0 } } }
EVENT: Window { window_id: WindowId(1), event: CursorMoved { position: Point { x: 442.0, y: 224.0 } } }
EVENT: Window { window_id: WindowId(1), event: CursorMoved { position: Point { x: 445.0, y: 224.0 } } }
EVENT: Window { window_id: WindowId(1), event: CursorMoved { position: Point { x: 447.0, y: 224.0 } } }
EVENT: Window { window_id: WindowId(1), event: CursorMoved { position: Point { x: 450.0, y: 224.0 } } }
EVENT: Window { window_id: WindowId(1), event: CursorMoved { position: Point { x: 453.0, y: 224.0 } } }
EVENT: Window { window_id: WindowId(1), event: CursorMoved { position: Point { x: 456.0, y: 224.0 } } }
EVENT: Window { window_id: WindowId(1), event: CursorMoved { position: Point { x: 458.0, y: 224.0 } } }
EVENT: Window { window_id: WindowId(1), event: CursorMoved { position: Point { x: 460.0, y: 224.0 } } }
EVENT: Window { window_id: WindowId(1), event: CursorMoved { position: Point { x: 462.0, y: 224.0 } } }
EVENT: Window { window_id: WindowId(1), event: CursorMoved { position: Point { x: 465.0, y: 225.0 } } }
EVENT: Window { window_id: WindowId(1), event: CursorMoved { position: Point { x: 468.0, y: 225.0 } } }
EVENT: Window { window_id: WindowId(1), event: CursorMoved { position: Point { x: 470.0, y: 225.0 } } }
EVENT: Window { window_id: WindowId(1), event: CursorMoved { position: Point { x: 472.0, y: 225.0 } } }
EVENT: Window { window_id: WindowId(1), event: CursorMoved { position: Point { x: 475.0, y: 225.0 } } }
EVENT: Window { window_id: WindowId(1), event: CursorMoved { position: Point { x: 478.0, y: 226.0 } } }
EVENT: Window { window_id: WindowId(1), event: CursorMoved { position: Point { x: 480.0, y: 226.0 } } }
EVENT: Window { window_id: WindowId(1), event: CursorMoved { position: Point { x: 482.0, y: 226.0 } } }
EVENT: Window { window_id: WindowId(1), event: CursorMoved { position: Point { x: 465.0, y: 242.0 } } }
EVENT: Window { window_id: WindowId(1), event: CursorMoved { position: Point { x: 463.0, y: 243.0 } } }
EVENT: Window { window_id: WindowId(1), event: CursorMoved { position: Point { x: 461.0, y: 244.0 } } }
EVENT: Window { window_id: WindowId(1), event: CursorMoved { position: Point { x: 458.0, y: 245.0 } } }
EVENT: Window { window_id: WindowId(1), event: CursorMoved { position: Point { x: 457.0, y: 246.0 } } }
EVENT: Window { window_id: WindowId(1), event: CursorMoved { position: Point { x: 455.0, y: 246.0 } } }
EVENT: Window { window_id: WindowId(1), event: CursorMoved { position: Point { x: 453.0, y: 247.0 } } }
EVENT: Window { window_id: WindowId(1), event: CursorMoved { position: Point { x: 450.0, y: 248.0 } } }
EVENT: Window { window_id: WindowId(1), event: CursorMoved { position: Point { x: 448.0, y: 249.0 } } }
EVENT: Window { window_id: WindowId(1), event: CursorMoved { position: Point { x: 447.0, y: 249.0 } } }
EVENT: Window { window_id: WindowId(1), event: CursorMoved { position: Point { x: 445.0, y: 250.0 } } }
EVENT: Window { window_id: WindowId(1), event: CursorMoved { position: Point { x: 443.0, y: 251.0 } } }
EVENT: Window { window_id: WindowId(1), event: CursorMoved { position: Point { x: 442.0, y: 251.0 } } }
EVENT: Window { window_id: WindowId(1), event: CursorMoved { position: Point { x: 441.0, y: 252.0 } } }
EVENT: Window { window_id: WindowId(1), event: CursorMoved { position: Point { x: 439.0, y: 253.0 } } }
EVENT: Window { window_id: WindowId(1), event: CursorMoved { position: Point { x: 437.0, y: 253.0 } } }
EVENT: Window { window_id: WindowId(1), event: CursorMoved { position: Point { x: 436.0, y: 254.0 } } }
EVENT: Window { window_id: WindowId(1), event: CursorMoved { position: Point { x: 434.0, y: 254.0 } } }
EVENT: Window { window_id: WindowId(1), event: CursorMoved { position: Point { x: 433.0, y: 255.0 } } }
EVENT: Window { window_id: WindowId(1), event: CursorMoved { position: Point { x: 432.0, y: 256.0 } } }
EVENT: Window { window_id: WindowId(1), event: CursorMoved { position: Point { x: 430.0, y: 256.0 } } }
EVENT: Window { window_id: WindowId(1), event: CursorMoved { position: Point { x: 429.0, y: 257.0 } } }
EVENT: Window { window_id: WindowId(1), event: CursorMoved { position: Point { x: 428.0, y: 257.0 } } }
EVENT: Window { window_id: WindowId(1), event: CursorMoved { position: Point { x: 426.0, y: 258.0 } } }
EVENT: Window { window_id: WindowId(1), event: CursorMoved { position: Point { x: 425.0, y: 258.0 } } }
EVENT: Window { window_id: WindowId(1), event: CursorMoved { position: Point { x: 423.0, y: 259.0 } } }
EVENT: Window { window_id: WindowId(1), event: CursorMoved { position: Point { x: 422.0, y: 259.0 } } }
EVENT: Window { window_id: WindowId(1), event: CursorMoved { position: Point { x: 422.0, y: 260.0 } } }
EVENT: Window { window_id: WindowId(1), event: CursorMoved { position: Point { x: 421.0, y: 260.0 } } }
EVENT: Window { window_id: WindowId(1), event: CursorMoved { position: Point { x: 420.0, y: 260.0 } } }
EVENT: Window { window_id: WindowId(1), event: CursorMoved { position: Point { x: 418.0, y: 261.0 } } }
EVENT: Window { window_id: WindowId(1), event: CursorMoved { position: Point { x: 418.0, y: 261.0 } } }
EVENT: Window { window_id: WindowId(1), event: CursorMoved { position: Point { x: 417.0, y: 261.0 } } }
EVENT: Window { window_id: WindowId(1), event: CursorMoved { position: Point { x: 417.0, y: 262.0 } } }
EVENT: Window { window_id: WindowId(1), event: CursorMoved { position: Point { x: 415.0, y: 263.0 } } }
EVENT: Window { window_id: WindowId(1), event: CursorMoved { position: Point { x: 415.0, y: 263.0 } } }
EVENT: Window { window_id: WindowId(1), event: CursorMoved { position: Point { x: 414.0, y: 263.0 } } }
EVENT: Window { window_id: WindowId(1), event: CursorMoved { position: Point { x: 414.0, y: 264.0 } } }
EVENT: Window { window_id: WindowId(1), event: CursorMoved { position: Point { x: 414.0, y: 264.0 } } }
EVENT: Window { window_id: WindowId(1), event: CursorMoved { position: Point { x: 414.0, y: 264.0 } } }
EVENT: Window { window_id: WindowId(1), event: CursorMoved { position: Point { x: 413.0, y: 264.0 } } }
EVENT: Window { window_id: WindowId(1), event: CursorMoved { position: Point { x: 413.0, y: 265.0 } } }
EVENT: Window { window_id: WindowId(1), event: CursorMoved { position: Point { x: 414.0, y: 265.0 } } }
EVENT: Window { window_id: WindowId(1), event: CursorMoved { position: Point { x: 414.0, y: 265.0 } } }
EVENT: Window { window_id: WindowId(1), event: CursorMoved { position: Point { x: 415.0, y: 265.0 } } }
EVENT: Window { window_id: WindowId(1), event: CursorMoved { position: Point { x: 415.0, y: 265.0 } } }
EVENT: Window { window_id: WindowId(1), event: CursorMoved { position: Point { x: 416.0, y: 265.0 } } }
EVENT: Window { window_id: WindowId(1), event: CursorMoved { position: Point { x: 417.0, y: 265.0 } } }
EVENT: Window { window_id: WindowId(1), event: CursorMoved { position: Point { x: 417.0, y: 265.0 } } }
EVENT: Window { window_id: WindowId(1), event: CursorMoved { position: Point { x: 418.0, y: 265.0 } } }
EVENT: Window { window_id: WindowId(1), event: CursorMoved { position: Point { x: 418.0, y: 265.0 } } }
EVENT: Window { window_id: WindowId(1), event: CursorMoved { position: Point { x: 419.0, y: 265.0 } } }
EVENT: Window { window_id: WindowId(1), event: CursorMoved { position: Point { x: 419.0, y: 265.0 } } }
EVENT: Window { window_id: WindowId(1), event: CursorMoved { position: Point { x: 420.0, y: 265.0 } } }
EVENT: Window { window_id: WindowId(1), event: CursorMoved { position: Point { x: 420.0, y: 264.0 } } }
EVENT: Window { window_id: WindowId(1), event: CursorMoved { position: Point { x: 421.0, y: 264.0 } } }
EVENT: Window { window_id: WindowId(1), event: CursorMoved { position: Point { x: 421.0, y: 264.0 } } }
EVENT: Window { window_id: WindowId(1), event: CursorMoved { position: Point { x: 422.0, y: 264.0 } } }
EVENT: Window { window_id: WindowId(1), event: CursorMoved { position: Point { x: 422.0, y: 264.0 } } }
EVENT: Window { window_id: WindowId(1), event: CursorMoved { position: Point { x: 423.0, y: 264.0 } } }
EVENT: Window { window_id: WindowId(1), event: CursorMoved { position: Point { x: 423.0, y: 263.0 } } }
EVENT: Window { window_id: WindowId(1), event: CursorMoved { position: Point { x: 424.0, y: 263.0 } } }
EVENT: Window { window_id: WindowId(1), event: CursorMoved { position: Point { x: 425.0, y: 263.0 } } }
EVENT: Window { window_id: WindowId(1), event: CursorMoved { position: Point { x: 425.0, y: 263.0 } } }
EVENT: Window { window_id: WindowId(1), event: CursorMoved { position: Point { x: 425.0, y: 263.0 } } }
EVENT: Window { window_id: WindowId(1), event: CursorMoved { position: Point { x: 426.0, y: 262.0 } } }
EVENT: Window { window_id: WindowId(1), event: CursorMoved { position: Point { x: 426.0, y: 262.0 } } }
EVENT: Window { window_id: WindowId(1), event: CursorMoved { position: Point { x: 426.0, y: 261.0 } } }
EVENT: Window { window_id: WindowId(1), event: CursorMoved { position: Point { x: 427.0, y: 261.0 } } }
EVENT: Window { window_id: WindowId(1), event: CursorMoved { position: Point { x: 427.0, y: 261.0 } } }
EVENT: Window { window_id: WindowId(1), event: CursorMoved { position: Point { x: 428.0, y: 261.0 } } }
EVENT: Window { window_id: WindowId(1), event: CursorMoved { position: Point { x: 429.0, y: 260.0 } } }
EVENT: Window { window_id: WindowId(1), event: CursorMoved { position: Point { x: 429.0, y: 260.0 } } }
EVENT: Window { window_id: WindowId(1), event: CursorMoved { position: Point { x: 430.0, y: 260.0 } } }
EVENT: Window { window_id: WindowId(1), event: CursorMoved { position: Point { x: 430.0, y: 259.0 } } }
EVENT: Window { window_id: WindowId(1), event: CursorMoved { position: Point { x: 431.0, y: 259.0 } } }
EVENT: Window { window_id: WindowId(1), event: CursorMoved { position: Point { x: 431.0, y: 259.0 } } }
EVENT: Window { window_id: WindowId(1), event: CursorMoved { position: Point { x: 432.0, y: 258.0 } } }
EVENT: Window { window_id: WindowId(1), event: CursorMoved { position: Point { x: 433.0, y: 257.0 } } }
EVENT: Window { window_id: WindowId(1), event: CursorMoved { position: Point { x: 433.0, y: 257.0 } } }
EVENT: Window { window_id: WindowId(1), event: CursorMoved { position: Point { x: 434.0, y: 257.0 } } }
EVENT: Window { window_id: WindowId(1), event: CursorMoved { position: Point { x: 434.0, y: 256.0 } } }
EVENT: Window { window_id: WindowId(1), event: CursorMoved { position: Point { x: 435.0, y: 256.0 } } }
EVENT: Window { window_id: WindowId(1), event: CursorMoved { position: Point { x: 435.0, y: 255.0 } } }
EVENT: Window { window_id: WindowId(1), event: CursorMoved { position: Point { x: 436.0, y: 255.0 } } }
EVENT: Window { window_id: WindowId(1), event: CursorMoved { position: Point { x: 437.0, y: 254.0 } } }
EVENT: Window { window_id: WindowId(1), event: CursorMoved { position: Point { x: 437.0, y: 254.0 } } }
EVENT: Window { window_id: WindowId(1), event: CursorMoved { position: Point { x: 438.0, y: 253.0 } } }
EVENT: Window { window_id: WindowId(1), event: CursorMoved { position: Point { x: 438.0, y: 253.0 } } }
EVENT: Window { window_id: WindowId(1), event: CursorMoved { position: Point { x: 439.0, y: 252.0 } } }
EVENT: Window { window_id: WindowId(1), event: CursorMoved { position: Point { x: 439.0, y: 252.0 } } }
EVENT: Window { window_id: WindowId(1), event: CursorMoved { position: Point { x: 440.0, y: 251.0 } } }
EVENT: Window { window_id: WindowId(1), event: CursorMoved { position: Point { x: 441.0, y: 251.0 } } }
EVENT: Window { window_id: WindowId(1), event: CursorMoved { position: Point { x: 441.0, y: 250.0 } } }
EVENT: Window { window_id: WindowId(1), event: CursorMoved { position: Point { x: 442.0, y: 250.0 } } }
EVENT: Window { window_id: WindowId(1), event: CursorMoved { position: Point { x: 443.0, y: 248.0 } } }
EVENT: Window { window_id: WindowId(1), event: CursorMoved { position: Point { x: 443.0, y: 248.0 } } }
EVENT: Window { window_id: WindowId(1), event: CursorMoved { position: Point { x: 444.0, y: 247.0 } } }
EVENT: Window { window_id: WindowId(1), event: CursorMoved { position: Point { x: 445.0, y: 246.0 } } }
EVENT: Window { window_id: WindowId(1), event: CursorMoved { position: Point { x: 446.0, y: 246.0 } } }
EVENT: Window { window_id: WindowId(1), event: CursorMoved { position: Point { x: 446.0, y: 245.0 } } }
EVENT: Window { window_id: WindowId(1), event: CursorMoved { position: Point { x: 448.0, y: 244.0 } } }
EVENT: Window { window_id: WindowId(1), event: CursorMoved { position: Point { x: 448.0, y: 243.0 } } }
EVENT: Window { window_id: WindowId(1), event: CursorMoved { position: Point { x: 449.0, y: 242.0 } } }
EVENT: Window { window_id: WindowId(1), event: CursorMoved { position: Point { x: 450.0, y: 242.0 } } }
EVENT: Window { window_id: WindowId(1), event: CursorMoved { position: Point { x: 483.0, y: 283.0 } } }
EVENT: Window { window_id: WindowId(1), event: CursorMoved { position: Point { x: 483.0, y: 284.0 } } }
EVENT: Window { window_id: WindowId(1), event: CursorMoved { position: Point { x: 482.0, y: 284.0 } } }
EVENT: Window { window_id: WindowId(1), event: CursorMoved { position: Point { x: 481.0, y: 284.0 } } }
EVENT: Window { window_id: WindowId(1), event: CursorMoved { position: Point { x: 481.0, y: 284.0 } } }
EVENT: Window { window_id: WindowId(1), event: CursorMoved { position: Point { x: 480.0, y: 285.0 } } }
EVENT: Window { window_id: WindowId(1), event: CursorMoved { position: Point { x: 480.0, y: 285.0 } } }
EVENT: Window { window_id: WindowId(1), event: CursorMoved { position: Point { x: 479.0, y: 285.0 } } }
EVENT: Window { window_id: WindowId(1), event: CursorMoved { position: Point { x: 479.0, y: 285.0 } } }
EVENT: Window { window_id: WindowId(1), event: CursorMoved { position: Point { x: 479.0, y: 286.0 } } }
EVENT: Window { window_id: WindowId(1), event: CursorMoved { position: Point { x: 478.0, y: 286.0 } } }
EVENT: Window { window_id: WindowId(1), event: CursorMoved { position: Point { x: 477.0, y: 286.0 } } }
EVENT: Window { window_id: WindowId(1), event: CursorMoved { position: Point { x: 477.0, y: 286.0 } } }
EVENT: Window { window_id: WindowId(1), event: CursorMoved { position: Point { x: 477.0, y: 286.0 } } }
EVENT: Window { window_id: WindowId(1), event: CursorMoved { position: Point { x: 476.0, y: 286.0 } } }
EVENT: Window { window_id: WindowId(1), event: CursorMoved { position: Point { x: 476.0, y: 286.0 } } }
EVENT: Window { window_id: WindowId(1), event: CursorMoved { position: Point { x: 475.0, y: 286.0 } } }
EVENT: Window { window_id: WindowId(1), event: CursorMoved { position: Point { x: 475.0, y: 287.0 } } }
EVENT: Window { window_id: WindowId(1), event: CursorMoved { position: Point { x: 475.0, y: 287.0 } } }
EVENT: Window { window_id: WindowId(1), event: CursorMoved { position: Point { x: 475.0, y: 287.0 } } }
EVENT: Window { window_id: WindowId(1), event: CursorMoved { position: Point { x: 474.0, y: 287.0 } } }
EVENT: Window { window_id: WindowId(1), event: CursorMoved { position: Point { x: 474.0, y: 287.0 } } }
EVENT: Window { window_id: WindowId(1), event: CursorMoved { position: Point { x: 473.0, y: 287.0 } } }
EVENT: Window { window_id: WindowId(1), event: CursorMoved { position: Point { x: 473.0, y: 288.0 } } }
EVENT: Window { window_id: WindowId(1), event: CursorMoved { position: Point { x: 472.0, y: 288.0 } } }
EVENT: Window { window_id: WindowId(1), event: CursorMoved { position: Point { x: 472.0, y: 288.0 } } }
EVENT: Window { window_id: WindowId(1), event: CursorMoved { position: Point { x: 472.0, y: 289.0 } } }
EVENT: Window { window_id: WindowId(1), event: CursorMoved { position: Point { x: 471.0, y: 289.0 } } }
EVENT: Window { window_id: WindowId(1), event: CursorMoved { position: Point { x: 471.0, y: 289.0 } } }
EVENT: Window { window_id: WindowId(1), event: CursorMoved { position: Point { x: 470.0, y: 289.0 } } }
EVENT: Window { window_id: WindowId(1), event: CursorMoved { position: Point { x: 470.0, y: 289.0 } } }
EVENT: Window { window_id: WindowId(1), event: CursorMoved { position: Point { x: 469.0, y: 289.0 } } }
EVENT: Window { window_id: WindowId(1), event: CursorMoved { position: Point { x: 469.0, y: 290.0 } } }
EVENT: Window { window_id: WindowId(1), event: CursorMoved { position: Point { x: 468.0, y: 290.0 } } }
EVENT: Window { window_id: WindowId(1), event: CursorMoved { position: Point { x: 468.0, y: 290.0 } } }
EVENT: Window { window_id: WindowId(1), event: CursorMoved { position: Point { x: 467.0, y: 290.0 } } }
EVENT: Window { window_id: WindowId(1), event: CursorMoved { position: Point { x: 467.0, y: 290.0 } } }
EVENT: Window { window_id: WindowId(1), event: CursorMoved { position: Point { x: 467.0, y: 291.0 } } }
EVENT: Window { window_id: WindowId(1), event: CursorMoved { position: Point { x: 466.0, y: 291.0 } } }
EVENT: Window { window_id: WindowId(1), event: CursorMoved { position: Point { x: 466.0, y: 291.0 } } }
EVENT: Window { window_id: WindowId(1), event: CursorMoved { position: Point { x: 465.0, y: 291.0 } } }
EVENT: Window { window_id: WindowId(1), event: CursorMoved { position: Point { x: 464.0, y: 291.0 } } }
EVENT: Window { window_id: WindowId(1), event: CursorMoved { position: Point { x: 464.0, y: 292.0 } } }
EVENT: Window { window_id: WindowId(1), event: CursorMoved { position: Point { x: 464.0, y: 292.0 } } }
EVENT: Window { window_id: WindowId(1), event: CursorMoved { position: Point { x: 463.0, y: 292.0 } } }
EVENT: Window { window_id: WindowId(1), event: CursorMoved { position: Point { x: 463.0, y: 292.0 } } }
EVENT: Window { window_id: WindowId(1), event: CursorMoved { position: Point { x: 462.0, y: 292.0 } } }
EVENT: Window { window_id: WindowId(1), event: CursorMoved { position: Point { x: 462.0, y: 293.0 } } }
EVENT: Window { window_id: WindowId(1), event: CursorMoved { position: Point { x: 461.0, y: 293.0 } } }
EVENT: Window { window_id: WindowId(1), event: CursorMoved { position: Point { x: 461.0, y: 294.0 } } }
EVENT: Window { window_id: WindowId(1), event: CursorMoved { position: Point { x: 460.0, y: 294.0 } } }
EVENT: Window { window_id: WindowId(1), event: CursorMoved { position: Point { x: 460.0, y: 294.0 } } }
EVENT: Window { window_id: WindowId(1), event: CursorMoved { position: Point { x: 460.0, y: 294.0 } } }
EVENT: Window { window_id: WindowId(1), event: CursorMoved { position: Point { x: 459.0, y: 294.0 } } }
EVENT: Window { window_id: WindowId(1), event: CursorMoved { position: Point { x: 459.0, y: 294.0 } } }
EVENT: Window { window_id: WindowId(1), event: CursorMoved { position: Point { x: 459.0, y: 295.0 } } }
EVENT: Window { window_id: WindowId(1), event: CursorMoved { position: Point { x: 458.0, y: 295.0 } } }
EVENT: Window { window_id: WindowId(1), event: CursorMoved { position: Point { x: 458.0, y: 295.0 } } }
EVENT: Window { window_id: WindowId(1), event: CursorMoved { position: Point { x: 458.0, y: 295.0 } } }
EVENT: Window { window_id: WindowId(1), event: CursorMoved { position: Point { x: 458.0, y: 296.0 } } }
EVENT: Window { window_id: WindowId(1), event: CursorMoved { position: Point { x: 457.0, y: 296.0 } } }
EVENT: Window { window_id: WindowId(1), event: CursorMoved { position: Point { x: 456.0, y: 296.0 } } }
EVENT: Window { window_id: WindowId(1), event: CursorMoved { position: Point { x: 456.0, y: 296.0 } } }
EVENT: Window { window_id: WindowId(1), event: CursorMoved { position: Point { x: 455.0, y: 297.0 } } }
EVENT: Window { window_id: WindowId(1), event: CursorMoved { position: Point { x: 455.0, y: 297.0 } } }
EVENT: Window { window_id: WindowId(1), event: CursorMoved { position: Point { x: 454.0, y: 298.0 } } }
EVENT: Window { window_id: WindowId(1), event: CursorMoved { position: Point { x: 454.0, y: 298.0 } } }
EVENT: Window { window_id: WindowId(1), event: CursorMoved { position: Point { x: 454.0, y: 298.0 } } }
EVENT: Window { window_id: WindowId(1), event: CursorMoved { position: Point { x: 453.0, y: 298.0 } } }
EVENT: Window { window_id: WindowId(1), event: CursorMoved { position: Point { x: 452.0, y: 298.0 } } }
EVENT: Window { window_id: WindowId(1), event: CursorMoved { position: Point { x: 452.0, y: 298.0 } } }
EVENT: Window { window_id: WindowId(1), event: CursorMoved { position: Point { x: 452.0, y: 299.0 } } }
EVENT: Window { window_id: WindowId(1), event: CursorMoved { position: Point { x: 451.0, y: 299.0 } } }
EVENT: Window { window_id: WindowId(1), event: CursorMoved { position: Point { x: 451.0, y: 299.0 } } }
EVENT: Window { window_id: WindowId(1), event: CursorMoved { position: Point { x: 451.0, y: 299.0 } } }
EVENT: Window { window_id: WindowId(1), event: CursorMoved { position: Point { x: 450.0, y: 300.0 } } }
EVENT: Window { window_id: WindowId(1), event: CursorMoved { position: Point { x: 450.0, y: 300.0 } } }
EVENT: Window { window_id: WindowId(1), event: CursorMoved { position: Point { x: 449.0, y: 300.0 } } }
EVENT: Window { window_id: WindowId(1), event: CursorMoved { position: Point { x: 449.0, y: 300.0 } } }
EVENT: Window { window_id: WindowId(1), event: CursorMoved { position: Point { x: 448.0, y: 301.0 } } }
EVENT: Window { window_id: WindowId(1), event: CursorMoved { position: Point { x: 448.0, y: 301.0 } } }
EVENT: Window { window_id: WindowId(1), event: CursorMoved { position: Point { x: 448.0, y: 302.0 } } }
EVENT: Window { window_id: WindowId(1), event: CursorMoved { position: Point { x: 447.0, y: 302.0 } } }
EVENT: Window { window_id: WindowId(1), event: CursorMoved { position: Point { x: 447.0, y: 302.0 } } }
EVENT: Window { window_id: WindowId(1), event: CursorMoved { position: Point { x: 447.0, y: 302.0 } } }
EVENT: Window { window_id: WindowId(1), event: CursorMoved { position: Point { x: 446.0, y: 302.0 } } }
EVENT: Window { window_id: WindowId(1), event: CursorMoved { position: Point { x: 446.0, y: 302.0 } } }
EVENT: Window { window_id: WindowId(1), event: CursorMoved { position: Point { x: 446.0, y: 303.0 } } }
EVENT: Window { window_id: WindowId(1), event: CursorMoved { position: Point { x: 445.0, y: 303.0 } } }
EVENT: Window { window_id: WindowId(1), event: CursorMoved { position: Point { x: 445.0, y: 303.0 } } }
EVENT: Window { window_id: WindowId(1), event: CursorMoved { position: Point { x: 444.0, y: 303.0 } } }
EVENT: Window { window_id: WindowId(1), event: CursorMoved { position: Point { x: 444.0, y: 303.0 } } }
EVENT: Window { window_id: WindowId(1), event: CursorMoved { position: Point { x: 444.0, y: 304.0 } } }
EVENT: Window { window_id: WindowId(1), event: CursorMoved { position: Point { x: 443.0, y: 304.0 } } }
EVENT: Window { window_id: WindowId(1), event: CursorMoved { position: Point { x: 443.0, y: 304.0 } } }
EVENT: Window { window_id: WindowId(1), event: CursorMoved { position: Point { x: 443.0, y: 304.0 } } }
EVENT: Window { window_id: WindowId(1), event: CursorMoved { position: Point { x: 442.0, y: 304.0 } } }
EVENT: Window { window_id: WindowId(1), event: CursorMoved { position: Point { x: 442.0, y: 305.0 } } }
EVENT: Window { window_id: WindowId(1), event: CursorMoved { position: Point { x: 442.0, y: 306.0 } } }
EVENT: Window { window_id: WindowId(1), event: CursorMoved { position: Point { x: 442.0, y: 306.0 } } }
EVENT: Window { window_id: WindowId(1), event: CursorMoved { position: Point { x: 441.0, y: 306.0 } } }
EVENT: Window { window_id: WindowId(1), event: CursorMoved { position: Point { x: 441.0, y: 306.0 } } }
EVENT: Window { window_id: WindowId(1), event: CursorMoved { position: Point { x: 440.0, y: 306.0 } } }
EVENT: Window { window_id: WindowId(1), event: CursorMoved { position: Point { x: 440.0, y: 307.0 } } }
EVENT: Window { window_id: WindowId(1), event: CursorMoved { position: Point { x: 439.0, y: 307.0 } } }
EVENT: Window { window_id: WindowId(1), event: CursorMoved { position: Point { x: 439.0, y: 307.0 } } }
EVENT: Window { window_id: WindowId(1), event: CursorMoved { position: Point { x: 438.0, y: 308.0 } } }
EVENT: Window { window_id: WindowId(1), event: CursorMoved { position: Point { x: 438.0, y: 308.0 } } }
EVENT: Window { window_id: WindowId(1), event: CursorMoved { position: Point { x: 438.0, y: 308.0 } } }
EVENT: Window { window_id: WindowId(1), event: CursorMoved { position: Point { x: 438.0, y: 309.0 } } }
EVENT: Window { window_id: WindowId(1), event: CursorMoved { position: Point { x: 437.0, y: 309.0 } } }
EVENT: Window { window_id: WindowId(1), event: CursorMoved { position: Point { x: 437.0, y: 309.0 } } }
EVENT: Window { window_id: WindowId(1), event: CursorMoved { position: Point { x: 436.0, y: 310.0 } } }
EVENT: Window { window_id: WindowId(1), event: CursorMoved { position: Point { x: 436.0, y: 310.0 } } }
EVENT: Window { window_id: WindowId(1), event: CursorMoved { position: Point { x: 435.0, y: 310.0 } } }
EVENT: Window { window_id: WindowId(1), event: CursorMoved { position: Point { x: 435.0, y: 310.0 } } }
EVENT: Window { window_id: WindowId(1), event: CursorMoved { position: Point { x: 434.0, y: 310.0 } } }
EVENT: Window { window_id: WindowId(1), event: CursorMoved { position: Point { x: 434.0, y: 311.0 } } }
EVENT: Window { window_id: WindowId(1), event: CursorMoved { position: Point { x: 434.0, y: 311.0 } } }
EVENT: Window { window_id: WindowId(1), event: CursorMoved { position: Point { x: 433.0, y: 311.0 } } }
EVENT: Window { window_id: WindowId(1), event: CursorMoved { position: Point { x: 433.0, y: 311.0 } } }
EVENT: Window { window_id: WindowId(1), event: CursorMoved { position: Point { x: 433.0, y: 312.0 } } }
EVENT: Window { window_id: WindowId(1), event: CursorMoved { position: Point { x: 432.0, y: 312.0 } } }
EVENT: Window { window_id: WindowId(1), event: CursorMoved { position: Point { x: 431.0, y: 312.0 } } }
EVENT: Window { window_id: WindowId(1), event: CursorMoved { position: Point { x: 431.0, y: 312.0 } } }
EVENT: Window { window_id: WindowId(1), event: CursorMoved { position: Point { x: 430.0, y: 312.0 } } }
EVENT: Window { window_id: WindowId(1), event: CursorMoved { position: Point { x: 430.0, y: 313.0 } } }
EVENT: Window { window_id: WindowId(1), event: CursorMoved { position: Point { x: 430.0, y: 313.0 } } }
EVENT: Window { window_id: WindowId(1), event: CursorMoved { position: Point { x: 429.0, y: 313.0 } } }
EVENT: Window { window_id: WindowId(1), event: CursorMoved { position: Point { x: 429.0, y: 314.0 } } }
EVENT: Window { window_id: WindowId(1), event: CursorMoved { position: Point { x: 428.0, y: 314.0 } } }
EVENT: Window { window_id: WindowId(1), event: CursorMoved { position: Point { x: 427.0, y: 314.0 } } }
EVENT: Window { window_id: WindowId(1), event: CursorMoved { position: Point { x: 427.0, y: 314.0 } } }
EVENT: Window { window_id: WindowId(1), event: CursorMoved { position: Point { x: 426.0, y: 315.0 } } }
EVENT: Window { window_id: WindowId(1), event: CursorMoved { position: Point { x: 426.0, y: 315.0 } } }
EVENT: Window { window_id: WindowId(1), event: CursorMoved { position: Point { x: 425.0, y: 315.0 } } }
EVENT: Window { window_id: WindowId(1), event: CursorMoved { position: Point { x: 425.0, y: 315.0 } } }
EVENT: Window { window_id: WindowId(1), event: CursorMoved { position: Point { x: 425.0, y: 315.0 } } }
EVENT: Window { window_id: WindowId(1), event: CursorMoved { position: Point { x: 424.0, y: 315.0 } } }
EVENT: Window { window_id: WindowId(1), event: CursorMoved { position: Point { x: 423.0, y: 315.0 } } }
EVENT: Window { window_id: WindowId(1), event: CursorMoved { position: Point { x: 423.0, y: 316.0 } } }
EVENT: Window { window_id: WindowId(1), event: CursorMoved { position: Point { x: 423.0, y: 316.0 } } }
EVENT: Window { window_id: WindowId(1), event: CursorMoved { position: Point { x: 422.0, y: 316.0 } } }
EVENT: Window { window_id: WindowId(1), event: CursorMoved { position: Point { x: 422.0, y: 316.0 } } }
EVENT: Window { window_id: WindowId(1), event: CursorMoved { position: Point { x: 421.0, y: 316.0 } } }
EVENT: Window { window_id: WindowId(1), event: CursorMoved { position: Point { x: 421.0, y: 316.0 } } }
EVENT: Window { window_id: WindowId(1), event: CursorMoved { position: Point { x: 420.0, y: 316.0 } } }
EVENT: Window { window_id: WindowId(1), event: CursorMoved { position: Point { x: 419.0, y: 317.0 } } }
EVENT: Window { window_id: WindowId(1), event: CursorMoved { position: Point { x: 419.0, y: 317.0 } } }
EVENT: Window { window_id: WindowId(1), event: CursorMoved { position: Point { x: 418.0, y: 317.0 } } }
EVENT: Window { window_id: WindowId(1), event: CursorMoved { position: Point { x: 418.0, y: 317.0 } } }
EVENT: Window { window_id: WindowId(1), event: CursorMoved { position: Point { x: 417.0, y: 317.0 } } }
EVENT: Window { window_id: WindowId(1), event: CursorMoved { position: Point { x: 417.0, y: 317.0 } } }
EVENT: Window { window_id: WindowId(1), event: CursorMoved { position: Point { x: 416.0, y: 318.0 } } }
EVENT: Window { window_id: WindowId(1), event: CursorMoved { position: Point { x: 415.0, y: 318.0 } } }
EVENT: Window { window_id: WindowId(1), event: CursorMoved { position: Point { x: 415.0, y: 318.0 } } }
EVENT: Window { window_id: WindowId(1), event: CursorMoved { position: Point { x: 414.0, y: 318.0 } } }
EVENT: Window { window_id: WindowId(1), event: CursorMoved { position: Point { x: 414.0, y: 318.0 } } }
EVENT: Window { window_id: WindowId(1), event: CursorMoved { position: Point { x: 413.0, y: 318.0 } } }
EVENT: Window { window_id: WindowId(1), event: CursorMoved { position: Point { x: 413.0, y: 318.0 } } }
EVENT: Window { window_id: WindowId(1), event: CursorMoved { position: Point { x: 412.0, y: 318.0 } } }
EVENT: Window { window_id: WindowId(1), event: CursorMoved { position: Point { x: 411.0, y: 318.0 } } }
EVENT: Window { window_id: WindowId(1), event: CursorMoved { position: Point { x: 411.0, y: 318.0 } } }
EVENT: Window { window_id: WindowId(1), event: CursorMoved { position: Point { x: 410.0, y: 318.0 } } }
EVENT: Window { window_id: WindowId(1), event: CursorMoved { position: Point { x: 410.0, y: 318.0 } } }
EVENT: Window { window_id: WindowId(1), event: CursorMoved { position: Point { x: 409.0, y: 318.0 } } }
EVENT: Window { window_id: WindowId(1), event: CursorMoved { position: Point { x: 409.0, y: 318.0 } } }
EVENT: Window { window_id: WindowId(1), event: CursorMoved { position: Point { x: 407.0, y: 319.0 } } }
EVENT: Window { window_id: WindowId(1), event: CursorMoved { position: Point { x: 407.0, y: 319.0 } } }
EVENT: Window { window_id: WindowId(1), event: CursorMoved { position: Point { x: 406.0, y: 319.0 } } }
EVENT: Window { window_id: WindowId(1), event: CursorMoved { position: Point { x: 406.0, y: 319.0 } } }
EVENT: Window { window_id: WindowId(1), event: CursorMoved { position: Point { x: 405.0, y: 319.0 } } }
EVENT: Window { window_id: WindowId(1), event: CursorMoved { position: Point { x: 405.0, y: 319.0 } } }
EVENT: Window { window_id: WindowId(1), event: CursorMoved { position: Point { x: 404.0, y: 319.0 } } }
EVENT: Window { window_id: WindowId(1), event: CursorMoved { position: Point { x: 403.0, y: 319.0 } } }
EVENT: Window { window_id: WindowId(1), event: CursorMoved { position: Point { x: 403.0, y: 319.0 } } }
EVENT: Window { window_id: WindowId(1), event: CursorMoved { position: Point { x: 402.0, y: 319.0 } } }
EVENT: Window { window_id: WindowId(1), event: CursorMoved { position: Point { x: 401.0, y: 319.0 } } }
EVENT: Window { window_id: WindowId(1), event: CursorMoved { position: Point { x: 401.0, y: 319.0 } } }
EVENT: Window { window_id: WindowId(1), event: CursorMoved { position: Point { x: 400.0, y: 319.0 } } }
EVENT: Window { window_id: WindowId(1), event: CursorMoved { position: Point { x: 399.0, y: 319.0 } } }
EVENT: Window { window_id: WindowId(1), event: CursorMoved { position: Point { x: 399.0, y: 319.0 } } }
EVENT: Window { window_id: WindowId(1), event: CursorMoved { position: Point { x: 398.0, y: 319.0 } } }
EVENT: Window { window_id: WindowId(1), event: CursorMoved { position: Point { x: 398.0, y: 319.0 } } }
EVENT: Window { window_id: WindowId(1), event: CursorMoved { position: Point { x: 397.0, y: 319.0 } } }
EVENT: Window { window_id: WindowId(1), event: CursorMoved { position: Point { x: 397.0, y: 319.0 } } }
EVENT: Window { window_id: WindowId(1), event: CursorMoved { position: Point { x: 396.0, y: 319.0 } } }
EVENT: Window { window_id: WindowId(1), event: CursorMoved { position: Point { x: 395.0, y: 319.0 } } }
EVENT: Window { window_id: WindowId(1), event: CursorMoved { position: Point { x: 395.0, y: 319.0 } } }
EVENT: Window { window_id: WindowId(1), event: CursorMoved { position: Point { x: 394.0, y: 319.0 } } }
EVENT: Window { window_id: WindowId(1), event: CursorMoved { position: Point { x: 394.0, y: 319.0 } } }
EVENT: Window { window_id: WindowId(1), event: CursorMoved { position: Point { x: 393.0, y: 318.0 } } }
EVENT: Window { window_id: WindowId(1), event: CursorMoved { position: Point { x: 393.0, y: 318.0 } } }
EVENT: Window { window_id: WindowId(1), event: CursorMoved { position: Point { x: 393.0, y: 318.0 } } }
EVENT: Window { window_id: WindowId(1), event: CursorMoved { position: Point { x: 392.0, y: 318.0 } } }
EVENT: Window { window_id: WindowId(1), event: CursorMoved { position: Point { x: 391.0, y: 318.0 } } }
EVENT: Window { window_id: WindowId(1), event: CursorMoved { position: Point { x: 391.0, y: 318.0 } } }
EVENT: Window { window_id: WindowId(1), event: CursorMoved { position: Point { x: 390.0, y: 318.0 } } }
EVENT: Window { window_id: WindowId(1), event: CursorMoved { position: Point { x: 390.0, y: 317.0 } } }
EVENT: Window { window_id: WindowId(1), event: CursorMoved { position: Point { x: 390.0, y: 317.0 } } }
EVENT: Window { window_id: WindowId(1), event: CursorMoved { position: Point { x: 389.0, y: 317.0 } } }
EVENT: Window { window_id: WindowId(1), event: CursorMoved { position: Point { x: 389.0, y: 317.0 } } }
EVENT: Window { window_id: WindowId(1), event: CursorMoved { position: Point { x: 388.0, y: 317.0 } } }
EVENT: Window { window_id: WindowId(1), event: CursorMoved { position: Point { x: 388.0, y: 316.0 } } }
EVENT: Window { window_id: WindowId(1), event: CursorMoved { position: Point { x: 387.0, y: 316.0 } } }
EVENT: Window { window_id: WindowId(1), event: CursorMoved { position: Point { x: 387.0, y: 316.0 } } }
EVENT: Window { window_id: WindowId(1), event: CursorMoved { position: Point { x: 387.0, y: 316.0 } } }
EVENT: Window { window_id: WindowId(1), event: CursorMoved { position: Point { x: 386.0, y: 316.0 } } }
EVENT: Window { window_id: WindowId(1), event: MouseInput(MouseInput { button: Left, state: Pressed, position: Point { x: 386.0, y: 316.0 }, modifiers: Modifiers { shift: false, ctrl: false, alt: false, meta: false } }) }
Click at (386, 316)
EVENT: Window { window_id: WindowId(1), event: CursorMoved { position: Point { x: 386.0, y: 316.0 } } }
EVENT: Window { window_id: WindowId(1), event: MouseInput(MouseInput { button: Left, state: Released, position: Point { x: 386.0, y: 316.0 }, modifiers: Modifiers { shift: false, ctrl: false, alt: false, meta: false } }) }
EVENT: Window { window_id: WindowId(1), event: CursorMoved { position: Point { x: 386.0, y: 315.0 } } }
EVENT: Window { window_id: WindowId(1), event: CursorMoved { position: Point { x: 386.0, y: 315.0 } } }
EVENT: Window { window_id: WindowId(1), event: CursorMoved { position: Point { x: 387.0, y: 315.0 } } }
EVENT: Window { window_id: WindowId(1), event: CursorMoved { position: Point { x: 387.0, y: 314.0 } } }
EVENT: Window { window_id: WindowId(1), event: CursorMoved { position: Point { x: 387.0, y: 314.0 } } }
EVENT: Window { window_id: WindowId(1), event: CursorMoved { position: Point { x: 387.0, y: 313.0 } } }
EVENT: Window { window_id: WindowId(1), event: CursorMoved { position: Point { x: 387.0, y: 312.0 } } }
EVENT: Window { window_id: WindowId(1), event: CursorMoved { position: Point { x: 387.0, y: 312.0 } } }
EVENT: Window { window_id: WindowId(1), event: CursorMoved { position: Point { x: 388.0, y: 311.0 } } }
EVENT: Window { window_id: WindowId(1), event: CursorMoved { position: Point { x: 389.0, y: 310.0 } } }
EVENT: Window { window_id: WindowId(1), event: CursorMoved { position: Point { x: 389.0, y: 309.0 } } }
EVENT: Window { window_id: WindowId(1), event: CursorMoved { position: Point { x: 389.0, y: 308.0 } } }
EVENT: Window { window_id: WindowId(1), event: CursorMoved { position: Point { x: 389.0, y: 307.0 } } }
EVENT: Window { window_id: WindowId(1), event: CursorMoved { position: Point { x: 390.0, y: 306.0 } } }
EVENT: Window { window_id: WindowId(1), event: CursorMoved { position: Point { x: 391.0, y: 304.0 } } }
EVENT: Window { window_id: WindowId(1), event: CursorMoved { position: Point { x: 391.0, y: 303.0 } } }
EVENT: Window { window_id: WindowId(1), event: CursorMoved { position: Point { x: 392.0, y: 302.0 } } }
EVENT: Window { window_id: WindowId(1), event: CursorMoved { position: Point { x: 393.0, y: 300.0 } } }
EVENT: Window { window_id: WindowId(1), event: CursorMoved { position: Point { x: 393.0, y: 299.0 } } }
EVENT: Window { window_id: WindowId(1), event: CursorMoved { position: Point { x: 393.0, y: 297.0 } } }
EVENT: Window { window_id: WindowId(1), event: CursorMoved { position: Point { x: 394.0, y: 295.0 } } }
EVENT: Window { window_id: WindowId(1), event: CursorMoved { position: Point { x: 395.0, y: 293.0 } } }
EVENT: Window { window_id: WindowId(1), event: CursorMoved { position: Point { x: 395.0, y: 292.0 } } }
EVENT: Window { window_id: WindowId(1), event: CursorMoved { position: Point { x: 396.0, y: 290.0 } } }
EVENT: Window { window_id: WindowId(1), event: CursorMoved { position: Point { x: 396.0, y: 289.0 } } }
EVENT: Window { window_id: WindowId(1), event: CursorMoved { position: Point { x: 397.0, y: 287.0 } } }
EVENT: Window { window_id: WindowId(1), event: CursorMoved { position: Point { x: 398.0, y: 285.0 } } }
EVENT: Window { window_id: WindowId(1), event: CursorMoved { position: Point { x: 398.0, y: 283.0 } } }
EVENT: Window { window_id: WindowId(1), event: CursorMoved { position: Point { x: 399.0, y: 281.0 } } }
EVENT: Window { window_id: WindowId(1), event: CursorMoved { position: Point { x: 400.0, y: 279.0 } } }
EVENT: Window { window_id: WindowId(1), event: CursorMoved { position: Point { x: 400.0, y: 277.0 } } }
EVENT: Window { window_id: WindowId(1), event: CursorMoved { position: Point { x: 400.0, y: 275.0 } } }
EVENT: Window { window_id: WindowId(1), event: CursorMoved { position: Point { x: 401.0, y: 274.0 } } }
EVENT: Window { window_id: WindowId(1), event: CursorMoved { position: Point { x: 402.0, y: 273.0 } } }
EVENT: Window { window_id: WindowId(1), event: CursorMoved { position: Point { x: 403.0, y: 271.0 } } }
EVENT: Window { window_id: WindowId(1), event: CursorMoved { position: Point { x: 403.0, y: 268.0 } } }
EVENT: Window { window_id: WindowId(1), event: CursorMoved { position: Point { x: 403.0, y: 266.0 } } }
EVENT: Window { window_id: WindowId(1), event: CursorMoved { position: Point { x: 404.0, y: 264.0 } } }
EVENT: Window { window_id: WindowId(1), event: CursorMoved { position: Point { x: 405.0, y: 262.0 } } }
EVENT: Window { window_id: WindowId(1), event: CursorMoved { position: Point { x: 405.0, y: 260.0 } } }
EVENT: Window { window_id: WindowId(1), event: CursorMoved { position: Point { x: 406.0, y: 257.0 } } }
EVENT: Window { window_id: WindowId(1), event: CursorMoved { position: Point { x: 406.0, y: 255.0 } } }
EVENT: Window { window_id: WindowId(1), event: CursorMoved { position: Point { x: 407.0, y: 253.0 } } }
EVENT: Window { window_id: WindowId(1), event: CursorMoved { position: Point { x: 408.0, y: 251.0 } } }
EVENT: Window { window_id: WindowId(1), event: CursorMoved { position: Point { x: 408.0, y: 249.0 } } }
EVENT: Window { window_id: WindowId(1), event: CursorMoved { position: Point { x: 409.0, y: 246.0 } } }
EVENT: Window { window_id: WindowId(1), event: CursorMoved { position: Point { x: 410.0, y: 244.0 } } }
EVENT: Window { window_id: WindowId(1), event: CursorMoved { position: Point { x: 411.0, y: 242.0 } } }
EVENT: Window { window_id: WindowId(1), event: CursorMoved { position: Point { x: 411.0, y: 240.0 } } }
EVENT: Window { window_id: WindowId(1), event: CursorMoved { position: Point { x: 411.0, y: 238.0 } } }
EVENT: Window { window_id: WindowId(1), event: CursorMoved { position: Point { x: 412.0, y: 236.0 } } }
EVENT: Window { window_id: WindowId(1), event: CursorMoved { position: Point { x: 412.0, y: 233.0 } } }
EVENT: Window { window_id: WindowId(1), event: CursorMoved { position: Point { x: 413.0, y: 231.0 } } }
EVENT: Window { window_id: WindowId(1), event: CursorMoved { position: Point { x: 413.0, y: 229.0 } } }
EVENT: Window { window_id: WindowId(1), event: CursorMoved { position: Point { x: 414.0, y: 227.0 } } }
EVENT: Window { window_id: WindowId(1), event: CursorMoved { position: Point { x: 414.0, y: 225.0 } } }
EVENT: Window { window_id: WindowId(1), event: CursorMoved { position: Point { x: 415.0, y: 223.0 } } }
EVENT: Window { window_id: WindowId(1), event: CursorMoved { position: Point { x: 416.0, y: 219.0 } } }
EVENT: Window { window_id: WindowId(1), event: CursorMoved { position: Point { x: 416.0, y: 217.0 } } }
EVENT: Window { window_id: WindowId(1), event: CursorMoved { position: Point { x: 416.0, y: 215.0 } } }
EVENT: Window { window_id: WindowId(1), event: CursorMoved { position: Point { x: 417.0, y: 213.0 } } }
EVENT: Window { window_id: WindowId(1), event: CursorMoved { position: Point { x: 418.0, y: 211.0 } } }
EVENT: Window { window_id: WindowId(1), event: CursorMoved { position: Point { x: 419.0, y: 208.0 } } }
EVENT: Window { window_id: WindowId(1), event: CursorMoved { position: Point { x: 419.0, y: 205.0 } } }
EVENT: Window { window_id: WindowId(1), event: CursorMoved { position: Point { x: 419.0, y: 202.0 } } }
EVENT: Window { window_id: WindowId(1), event: CursorMoved { position: Point { x: 420.0, y: 200.0 } } }
EVENT: Window { window_id: WindowId(1), event: CursorMoved { position: Point { x: 420.0, y: 198.0 } } }
EVENT: Window { window_id: WindowId(1), event: CursorMoved { position: Point { x: 421.0, y: 196.0 } } }
EVENT: Window { window_id: WindowId(1), event: CursorMoved { position: Point { x: 421.0, y: 193.0 } } }
EVENT: Window { window_id: WindowId(1), event: CursorMoved { position: Point { x: 422.0, y: 191.0 } } }
EVENT: Window { window_id: WindowId(1), event: CursorMoved { position: Point { x: 422.0, y: 188.0 } } }
EVENT: Window { window_id: WindowId(1), event: CursorMoved { position: Point { x: 422.0, y: 186.0 } } }
EVENT: Window { window_id: WindowId(1), event: CursorMoved { position: Point { x: 423.0, y: 183.0 } } }
EVENT: Window { window_id: WindowId(1), event: CursorMoved { position: Point { x: 423.0, y: 181.0 } } }
EVENT: Window { window_id: WindowId(1), event: CursorMoved { position: Point { x: 424.0, y: 179.0 } } }
EVENT: Window { window_id: WindowId(1), event: CursorMoved { position: Point { x: 424.0, y: 177.0 } } }
EVENT: Window { window_id: WindowId(1), event: CursorMoved { position: Point { x: 425.0, y: 175.0 } } }
EVENT: Window { window_id: WindowId(1), event: CursorMoved { position: Point { x: 425.0, y: 172.0 } } }
EVENT: Window { window_id: WindowId(1), event: CursorMoved { position: Point { x: 425.0, y: 169.0 } } }
EVENT: Window { window_id: WindowId(1), event: CursorMoved { position: Point { x: 425.0, y: 167.0 } } }
EVENT: Window { window_id: WindowId(1), event: CursorMoved { position: Point { x: 426.0, y: 165.0 } } }
EVENT: Window { window_id: WindowId(1), event: CursorMoved { position: Point { x: 427.0, y: 163.0 } } }
EVENT: Window { window_id: WindowId(1), event: CursorMoved { position: Point { x: 427.0, y: 161.0 } } }
EVENT: Window { window_id: WindowId(1), event: CursorMoved { position: Point { x: 428.0, y: 159.0 } } }
EVENT: Window { window_id: WindowId(1), event: CursorMoved { position: Point { x: 428.0, y: 156.0 } } }
EVENT: Window { window_id: WindowId(1), event: CursorMoved { position: Point { x: 428.0, y: 154.0 } } }
EVENT: Window { window_id: WindowId(1), event: CursorMoved { position: Point { x: 428.0, y: 152.0 } } }
EVENT: Window { window_id: WindowId(1), event: CursorMoved { position: Point { x: 429.0, y: 150.0 } } }
EVENT: Window { window_id: WindowId(1), event: CursorMoved { position: Point { x: 430.0, y: 148.0 } } }
EVENT: Window { window_id: WindowId(1), event: CursorMoved { position: Point { x: 430.0, y: 146.0 } } }
EVENT: Window { window_id: WindowId(1), event: CursorMoved { position: Point { x: 430.0, y: 143.0 } } }
EVENT: Window { window_id: WindowId(1), event: CursorMoved { position: Point { x: 430.0, y: 141.0 } } }
EVENT: Window { window_id: WindowId(1), event: CursorMoved { position: Point { x: 430.0, y: 139.0 } } }
EVENT: Window { window_id: WindowId(1), event: CursorMoved { position: Point { x: 430.0, y: 138.0 } } }
EVENT: Window { window_id: WindowId(1), event: CursorMoved { position: Point { x: 431.0, y: 137.0 } } }
EVENT: Window { window_id: WindowId(1), event: CursorMoved { position: Point { x: 432.0, y: 134.0 } } }
EVENT: Window { window_id: WindowId(1), event: CursorMoved { position: Point { x: 432.0, y: 132.0 } } }
EVENT: Window { window_id: WindowId(1), event: CursorMoved { position: Point { x: 433.0, y: 130.0 } } }
EVENT: Window { window_id: WindowId(1), event: CursorMoved { position: Point { x: 433.0, y: 128.0 } } }
EVENT: Window { window_id: WindowId(1), event: CursorMoved { position: Point { x: 433.0, y: 126.0 } } }
EVENT: Window { window_id: WindowId(1), event: CursorMoved { position: Point { x: 433.0, y: 124.0 } } }
EVENT: Window { window_id: WindowId(1), event: CursorMoved { position: Point { x: 434.0, y: 123.0 } } }
EVENT: Window { window_id: WindowId(1), event: CursorMoved { position: Point { x: 434.0, y: 121.0 } } }
EVENT: Window { window_id: WindowId(1), event: CursorMoved { position: Point { x: 434.0, y: 120.0 } } }
EVENT: Window { window_id: WindowId(1), event: CursorMoved { position: Point { x: 435.0, y: 117.0 } } }
EVENT: Window { window_id: WindowId(1), event: CursorMoved { position: Point { x: 435.0, y: 116.0 } } }
EVENT: Window { window_id: WindowId(1), event: CursorMoved { position: Point { x: 435.0, y: 115.0 } } }
EVENT: Window { window_id: WindowId(1), event: CursorMoved { position: Point { x: 436.0, y: 113.0 } } }
EVENT: Window { window_id: WindowId(1), event: CursorMoved { position: Point { x: 436.0, y: 111.0 } } }
EVENT: Window { window_id: WindowId(1), event: CursorMoved { position: Point { x: 437.0, y: 110.0 } } }
EVENT: Window { window_id: WindowId(1), event: CursorMoved { position: Point { x: 438.0, y: 108.0 } } }
EVENT: Window { window_id: WindowId(1), event: CursorMoved { position: Point { x: 438.0, y: 106.0 } } }
EVENT: Window { window_id: WindowId(1), event: CursorMoved { position: Point { x: 438.0, y: 105.0 } } }
EVENT: Window { window_id: WindowId(1), event: CursorMoved { position: Point { x: 438.0, y: 103.0 } } }
EVENT: Window { window_id: WindowId(1), event: CursorMoved { position: Point { x: 438.0, y: 102.0 } } }
EVENT: Window { window_id: WindowId(1), event: CursorMoved { position: Point { x: 439.0, y: 100.0 } } }
EVENT: Window { window_id: WindowId(1), event: CursorMoved { position: Point { x: 439.0, y: 99.0 } } }
EVENT: Window { window_id: WindowId(1), event: CursorMoved { position: Point { x: 440.0, y: 98.0 } } }
EVENT: Window { window_id: WindowId(1), event: CursorMoved { position: Point { x: 440.0, y: 96.0 } } }
EVENT: Window { window_id: WindowId(1), event: CursorMoved { position: Point { x: 440.0, y: 95.0 } } }
EVENT: Window { window_id: WindowId(1), event: CursorMoved { position: Point { x: 440.0, y: 94.0 } } }
EVENT: Window { window_id: WindowId(1), event: CursorMoved { position: Point { x: 440.0, y: 92.0 } } }
EVENT: Window { window_id: WindowId(1), event: CursorMoved { position: Point { x: 440.0, y: 91.0 } } }
EVENT: Window { window_id: WindowId(1), event: CursorMoved { position: Point { x: 441.0, y: 90.0 } } }
EVENT: Window { window_id: WindowId(1), event: CursorMoved { position: Point { x: 442.0, y: 88.0 } } }
EVENT: Window { window_id: WindowId(1), event: CursorMoved { position: Point { x: 442.0, y: 87.0 } } }
EVENT: Window { window_id: WindowId(1), event: CursorMoved { position: Point { x: 442.0, y: 86.0 } } }
EVENT: Window { window_id: WindowId(1), event: CursorMoved { position: Point { x: 442.0, y: 84.0 } } }
EVENT: Window { window_id: WindowId(1), event: CursorMoved { position: Point { x: 442.0, y: 83.0 } } }
EVENT: Window { window_id: WindowId(1), event: CursorMoved { position: Point { x: 442.0, y: 82.0 } } }
EVENT: Window { window_id: WindowId(1), event: CursorMoved { position: Point { x: 443.0, y: 81.0 } } }
EVENT: Window { window_id: WindowId(1), event: CursorMoved { position: Point { x: 444.0, y: 79.0 } } }
EVENT: Window { window_id: WindowId(1), event: CursorMoved { position: Point { x: 444.0, y: 78.0 } } }
EVENT: Window { window_id: WindowId(1), event: CursorMoved { position: Point { x: 444.0, y: 77.0 } } }
EVENT: Window { window_id: WindowId(1), event: CursorMoved { position: Point { x: 444.0, y: 76.0 } } }
EVENT: Window { window_id: WindowId(1), event: CursorMoved { position: Point { x: 444.0, y: 76.0 } } }
EVENT: Window { window_id: WindowId(1), event: CursorMoved { position: Point { x: 444.0, y: 74.0 } } }
EVENT: Window { window_id: WindowId(1), event: CursorMoved { position: Point { x: 444.0, y: 73.0 } } }
EVENT: Window { window_id: WindowId(1), event: CursorMoved { position: Point { x: 444.0, y: 72.0 } } }
EVENT: Window { window_id: WindowId(1), event: CursorMoved { position: Point { x: 444.0, y: 71.0 } } }
EVENT: Window { window_id: WindowId(1), event: CursorMoved { position: Point { x: 444.0, y: 71.0 } } }
EVENT: Window { window_id: WindowId(1), event: CursorMoved { position: Point { x: 444.0, y: 70.0 } } }
EVENT: Window { window_id: WindowId(1), event: CursorMoved { position: Point { x: 444.0, y: 69.0 } } }
EVENT: Window { window_id: WindowId(1), event: CursorMoved { position: Point { x: 444.0, y: 68.0 } } }
EVENT: Window { window_id: WindowId(1), event: CursorMoved { position: Point { x: 444.0, y: 68.0 } } }
EVENT: Window { window_id: WindowId(1), event: CursorMoved { position: Point { x: 444.0, y: 67.0 } } }
EVENT: Window { window_id: WindowId(1), event: CursorMoved { position: Point { x: 445.0, y: 66.0 } } }
EVENT: Window { window_id: WindowId(1), event: CursorMoved { position: Point { x: 445.0, y: 65.0 } } }
EVENT: Window { window_id: WindowId(1), event: CursorMoved { position: Point { x: 445.0, y: 65.0 } } }
EVENT: Window { window_id: WindowId(1), event: CursorMoved { position: Point { x: 445.0, y: 64.0 } } }
EVENT: Window { window_id: WindowId(1), event: CursorMoved { position: Point { x: 445.0, y: 64.0 } } }
EVENT: Window { window_id: WindowId(1), event: CursorMoved { position: Point { x: 445.0, y: 63.0 } } }
EVENT: Window { window_id: WindowId(1), event: CursorMoved { position: Point { x: 445.0, y: 63.0 } } }
EVENT: Window { window_id: WindowId(1), event: CursorMoved { position: Point { x: 445.0, y: 62.0 } } }
EVENT: Window { window_id: WindowId(1), event: CursorMoved { position: Point { x: 445.0, y: 61.0 } } }
EVENT: Window { window_id: WindowId(1), event: CursorMoved { position: Point { x: 445.0, y: 61.0 } } }
EVENT: Window { window_id: WindowId(1), event: CursorMoved { position: Point { x: 445.0, y: 60.0 } } }
EVENT: Window { window_id: WindowId(1), event: CursorMoved { position: Point { x: 445.0, y: 60.0 } } }
EVENT: Window { window_id: WindowId(1), event: CursorMoved { position: Point { x: 445.0, y: 59.0 } } }
EVENT: Window { window_id: WindowId(1), event: CursorMoved { position: Point { x: 445.0, y: 58.0 } } }
EVENT: Window { window_id: WindowId(1), event: CursorMoved { position: Point { x: 445.0, y: 57.0 } } }
EVENT: Window { window_id: WindowId(1), event: CursorMoved { position: Point { x: 445.0, y: 57.0 } } }
EVENT: Window { window_id: WindowId(1), event: CursorMoved { position: Point { x: 445.0, y: 56.0 } } }
EVENT: Window { window_id: WindowId(1), event: CursorMoved { position: Point { x: 445.0, y: 56.0 } } }
EVENT: Window { window_id: WindowId(1), event: CursorMoved { position: Point { x: 445.0, y: 55.0 } } }
EVENT: Window { window_id: WindowId(1), event: CursorMoved { position: Point { x: 445.0, y: 55.0 } } }
EVENT: Window { window_id: WindowId(1), event: CursorMoved { position: Point { x: 446.0, y: 54.0 } } }
EVENT: Window { window_id: WindowId(1), event: CursorMoved { position: Point { x: 446.0, y: 53.0 } } }
EVENT: Window { window_id: WindowId(1), event: CursorMoved { position: Point { x: 446.0, y: 53.0 } } }
EVENT: Window { window_id: WindowId(1), event: CursorMoved { position: Point { x: 446.0, y: 52.0 } } }
EVENT: Window { window_id: WindowId(1), event: CursorMoved { position: Point { x: 446.0, y: 52.0 } } }
EVENT: Window { window_id: WindowId(1), event: CursorMoved { position: Point { x: 446.0, y: 51.0 } } }
EVENT: Window { window_id: WindowId(1), event: CursorMoved { position: Point { x: 446.0, y: 51.0 } } }
EVENT: Window { window_id: WindowId(1), event: CursorMoved { position: Point { x: 446.0, y: 50.0 } } }
EVENT: Window { window_id: WindowId(1), event: CursorMoved { position: Point { x: 446.0, y: 49.0 } } }
EVENT: Window { window_id: WindowId(1), event: CursorMoved { position: Point { x: 446.0, y: 49.0 } } }
EVENT: Window { window_id: WindowId(1), event: CursorMoved { position: Point { x: 447.0, y: 48.0 } } }
EVENT: Window { window_id: WindowId(1), event: CursorMoved { position: Point { x: 447.0, y: 47.0 } } }
EVENT: Window { window_id: WindowId(1), event: CursorMoved { position: Point { x: 447.0, y: 46.0 } } }
EVENT: Window { window_id: WindowId(1), event: CursorMoved { position: Point { x: 447.0, y: 46.0 } } }
EVENT: Window { window_id: WindowId(1), event: CursorMoved { position: Point { x: 447.0, y: 45.0 } } }
EVENT: Window { window_id: WindowId(1), event: CursorMoved { position: Point { x: 447.0, y: 45.0 } } }
EVENT: Window { window_id: WindowId(1), event: CursorMoved { position: Point { x: 447.0, y: 44.0 } } }
EVENT: Window { window_id: WindowId(1), event: CursorMoved { position: Point { x: 447.0, y: 44.0 } } }
EVENT: Window { window_id: WindowId(1), event: CursorMoved { position: Point { x: 447.0, y: 43.0 } } }
EVENT: Window { window_id: WindowId(1), event: CursorMoved { position: Point { x: 447.0, y: 42.0 } } }
EVENT: Window { window_id: WindowId(1), event: CursorMoved { position: Point { x: 447.0, y: 42.0 } } }
EVENT: Window { window_id: WindowId(1), event: CursorMoved { position: Point { x: 447.0, y: 41.0 } } }
EVENT: Window { window_id: WindowId(1), event: CursorMoved { position: Point { x: 447.0, y: 41.0 } } }
EVENT: Window { window_id: WindowId(1), event: CursorMoved { position: Point { x: 447.0, y: 40.0 } } }
EVENT: Window { window_id: WindowId(1), event: CursorMoved { position: Point { x: 447.0, y: 40.0 } } }
EVENT: Window { window_id: WindowId(1), event: CursorMoved { position: Point { x: 447.0, y: 39.0 } } }
EVENT: Window { window_id: WindowId(1), event: CursorMoved { position: Point { x: 447.0, y: 38.0 } } }
EVENT: Window { window_id: WindowId(1), event: CursorMoved { position: Point { x: 447.0, y: 38.0 } } }
EVENT: Window { window_id: WindowId(1), event: CursorMoved { position: Point { x: 448.0, y: 37.0 } } }
EVENT: Window { window_id: WindowId(1), event: CursorMoved { position: Point { x: 448.0, y: 37.0 } } }
EVENT: Window { window_id: WindowId(1), event: CursorMoved { position: Point { x: 448.0, y: 36.0 } } }
EVENT: Window { window_id: WindowId(1), event: CursorMoved { position: Point { x: 448.0, y: 36.0 } } }
EVENT: Window { window_id: WindowId(1), event: CursorMoved { position: Point { x: 448.0, y: 35.0 } } }
EVENT: Window { window_id: WindowId(1), event: CursorMoved { position: Point { x: 448.0, y: 34.0 } } }
EVENT: Window { window_id: WindowId(1), event: CursorMoved { position: Point { x: 448.0, y: 34.0 } } }
EVENT: Window { window_id: WindowId(1), event: CursorMoved { position: Point { x: 448.0, y: 34.0 } } }
EVENT: Window { window_id: WindowId(1), event: CursorMoved { position: Point { x: 448.0, y: 33.0 } } }
EVENT: Window { window_id: WindowId(1), event: CursorMoved { position: Point { x: 448.0, y: 33.0 } } }
EVENT: Window { window_id: WindowId(1), event: CursorMoved { position: Point { x: 448.0, y: 32.0 } } }
EVENT: Window { window_id: WindowId(1), event: CursorMoved { position: Point { x: 448.0, y: 32.0 } } }
EVENT: Window { window_id: WindowId(1), event: CursorMoved { position: Point { x: 448.0, y: 31.0 } } }
EVENT: Window { window_id: WindowId(1), event: CursorMoved { position: Point { x: 449.0, y: 31.0 } } }
EVENT: Window { window_id: WindowId(1), event: CursorMoved { position: Point { x: 449.0, y: 30.0 } } }
EVENT: Window { window_id: WindowId(1), event: CursorMoved { position: Point { x: 449.0, y: 29.0 } } }
EVENT: Window { window_id: WindowId(1), event: CursorMoved { position: Point { x: 449.0, y: 29.0 } } }
EVENT: Window { window_id: WindowId(1), event: CursorMoved { position: Point { x: 449.0, y: 28.0 } } }
EVENT: Window { window_id: WindowId(1), event: CursorMoved { position: Point { x: 449.0, y: 28.0 } } }
EVENT: Window { window_id: WindowId(1), event: CursorMoved { position: Point { x: 449.0, y: 27.0 } } }
EVENT: Window { window_id: WindowId(1), event: CursorMoved { position: Point { x: 449.0, y: 27.0 } } }
EVENT: Window { window_id: WindowId(1), event: CursorMoved { position: Point { x: 450.0, y: 26.0 } } }
EVENT: Window { window_id: WindowId(1), event: CursorMoved { position: Point { x: 450.0, y: 25.0 } } }
EVENT: Window { window_id: WindowId(1), event: CursorMoved { position: Point { x: 450.0, y: 25.0 } } }
EVENT: Window { window_id: WindowId(1), event: CursorMoved { position: Point { x: 451.0, y: 24.0 } } }
EVENT: Window { window_id: WindowId(1), event: CursorMoved { position: Point { x: 451.0, y: 24.0 } } }
EVENT: Window { window_id: WindowId(1), event: CursorMoved { position: Point { x: 451.0, y: 23.0 } } }
EVENT: Window { window_id: WindowId(1), event: CursorMoved { position: Point { x: 451.0, y: 23.0 } } }
EVENT: Window { window_id: WindowId(1), event: CursorMoved { position: Point { x: 451.0, y: 23.0 } } }
EVENT: Window { window_id: WindowId(1), event: CursorMoved { position: Point { x: 452.0, y: 23.0 } } }
EVENT: Window { window_id: WindowId(1), event: CursorMoved { position: Point { x: 452.0, y: 22.0 } } }
EVENT: Window { window_id: WindowId(1), event: CursorMoved { position: Point { x: 452.0, y: 21.0 } } }
EVENT: Window { window_id: WindowId(1), event: CursorMoved { position: Point { x: 452.0, y: 21.0 } } }
EVENT: Window { window_id: WindowId(1), event: CursorMoved { position: Point { x: 452.0, y: 20.0 } } }
EVENT: Window { window_id: WindowId(1), event: CursorMoved { position: Point { x: 452.0, y: 20.0 } } }
EVENT: Window { window_id: WindowId(1), event: CursorMoved { position: Point { x: 452.0, y: 19.0 } } }
EVENT: Window { window_id: WindowId(1), event: CursorMoved { position: Point { x: 453.0, y: 19.0 } } }
EVENT: Window { window_id: WindowId(1), event: CursorMoved { position: Point { x: 453.0, y: 18.0 } } }
EVENT: Window { window_id: WindowId(1), event: CursorMoved { position: Point { x: 453.0, y: 17.0 } } }
EVENT: Window { window_id: WindowId(1), event: CursorMoved { position: Point { x: 453.0, y: 17.0 } } }
EVENT: Window { window_id: WindowId(1), event: CursorMoved { position: Point { x: 453.0, y: 16.0 } } }
EVENT: Window { window_id: WindowId(1), event: CursorMoved { position: Point { x: 453.0, y: 16.0 } } }
EVENT: Window { window_id: WindowId(1), event: CursorMoved { position: Point { x: 454.0, y: 16.0 } } }
EVENT: Window { window_id: WindowId(1), event: CursorMoved { position: Point { x: 454.0, y: 15.0 } } }
EVENT: Window { window_id: WindowId(1), event: CursorMoved { position: Point { x: 454.0, y: 15.0 } } }
EVENT: Window { window_id: WindowId(1), event: CursorMoved { position: Point { x: 455.0, y: 15.0 } } }
EVENT: Window { window_id: WindowId(1), event: CursorMoved { position: Point { x: 455.0, y: 14.0 } } }
EVENT: Window { window_id: WindowId(1), event: CursorMoved { position: Point { x: 455.0, y: 13.0 } } }
EVENT: Window { window_id: WindowId(1), event: CursorMoved { position: Point { x: 455.0, y: 13.0 } } }
EVENT: Window { window_id: WindowId(1), event: CursorMoved { position: Point { x: 455.0, y: 12.0 } } }
EVENT: Window { window_id: WindowId(1), event: CursorMoved { position: Point { x: 455.0, y: 12.0 } } }
EVENT: Window { window_id: WindowId(1), event: CursorMoved { position: Point { x: 455.0, y: 12.0 } } }
EVENT: Window { window_id: WindowId(1), event: CursorMoved { position: Point { x: 456.0, y: 12.0 } } }
EVENT: Window { window_id: WindowId(1), event: CursorMoved { position: Point { x: 456.0, y: 12.0 } } }
EVENT: Window { window_id: WindowId(1), event: CursorMoved { position: Point { x: 457.0, y: 12.0 } } }
EVENT: Window { window_id: WindowId(1), event: CursorMoved { position: Point { x: 457.0, y: 12.0 } } }
EVENT: Window { window_id: WindowId(1), event: CursorMoved { position: Point { x: 458.0, y: 12.0 } } }
EVENT: Window { window_id: WindowId(1), event: CursorMoved { position: Point { x: 459.0, y: 12.0 } } }
EVENT: Window { window_id: WindowId(1), event: CursorMoved { position: Point { x: 459.0, y: 12.0 } } }
EVENT: Window { window_id: WindowId(1), event: CursorMoved { position: Point { x: 460.0, y: 12.0 } } }
EVENT: Window { window_id: WindowId(1), event: CursorMoved { position: Point { x: 460.0, y: 12.0 } } }
EVENT: Window { window_id: WindowId(1), event: CursorMoved { position: Point { x: 461.0, y: 12.0 } } }
EVENT: Window { window_id: WindowId(1), event: CursorMoved { position: Point { x: 461.0, y: 12.0 } } }
EVENT: Window { window_id: WindowId(1), event: CursorMoved { position: Point { x: 462.0, y: 12.0 } } }
EVENT: Window { window_id: WindowId(1), event: CursorMoved { position: Point { x: 463.0, y: 12.0 } } }
EVENT: Window { window_id: WindowId(1), event: CursorMoved { position: Point { x: 463.0, y: 12.0 } } }
EVENT: Window { window_id: WindowId(1), event: CursorMoved { position: Point { x: 464.0, y: 12.0 } } }
EVENT: Window { window_id: WindowId(1), event: CursorMoved { position: Point { x: 464.0, y: 12.0 } } }
EVENT: Window { window_id: WindowId(1), event: CursorMoved { position: Point { x: 465.0, y: 12.0 } } }
EVENT: Window { window_id: WindowId(1), event: CursorMoved { position: Point { x: 465.0, y: 11.0 } } }
EVENT: Window { window_id: WindowId(1), event: CursorMoved { position: Point { x: 465.0, y: 11.0 } } }
EVENT: Window { window_id: WindowId(1), event: CursorMoved { position: Point { x: 465.0, y: 10.0 } } }
EVENT: Window { window_id: WindowId(1), event: CursorMoved { position: Point { x: 465.0, y: 9.0 } } }
EVENT: Window { window_id: WindowId(1), event: CursorMoved { position: Point { x: 465.0, y: 9.0 } } }
EVENT: Window { window_id: WindowId(1), event: CursorMoved { position: Point { x: 465.0, y: 8.0 } } }
EVENT: Window { window_id: WindowId(1), event: CursorMoved { position: Point { x: 465.0, y: 8.0 } } }
EVENT: Window { window_id: WindowId(1), event: CursorMoved { position: Point { x: 465.0, y: 7.0 } } }
EVENT: Window { window_id: WindowId(1), event: CursorMoved { position: Point { x: 465.0, y: 7.0 } } }
EVENT: Window { window_id: WindowId(1), event: CursorMoved { position: Point { x: 464.0, y: 7.0 } } }
EVENT: Window { window_id: WindowId(1), event: CursorMoved { position: Point { x: 464.0, y: 6.0 } } }
EVENT: Window { window_id: WindowId(1), event: CursorMoved { position: Point { x: 464.0, y: 5.0 } } }
EVENT: Window { window_id: WindowId(1), event: CursorMoved { position: Point { x: 464.0, y: 5.0 } } }
EVENT: Window { window_id: WindowId(1), event: CursorMoved { position: Point { x: 464.0, y: 5.0 } } }
EVENT: Window { window_id: WindowId(1), event: CursorMoved { position: Point { x: 464.0, y: 4.0 } } }
EVENT: Window { window_id: WindowId(1), event: CursorMoved { position: Point { x: 464.0, y: 4.0 } } }
EVENT: Window { window_id: WindowId(1), event: CursorMoved { position: Point { x: 464.0, y: 3.0 } } }
EVENT: Window { window_id: WindowId(1), event: CursorMoved { position: Point { x: 464.0, y: 3.0 } } }
EVENT: Window { window_id: WindowId(1), event: CursorMoved { position: Point { x: 463.0, y: 3.0 } } }
EVENT: Window { window_id: WindowId(1), event: CursorMoved { position: Point { x: 463.0, y: 2.0 } } }
EVENT: Window { window_id: WindowId(1), event: CursorMoved { position: Point { x: 463.0, y: 2.0 } } }
EVENT: Window { window_id: WindowId(1), event: CursorMoved { position: Point { x: 463.0, y: 1.0 } } }
EVENT: Window { window_id: WindowId(1), event: CursorMoved { position: Point { x: 463.0, y: 0.0 } } }
EVENT: Window { window_id: WindowId(1), event: CursorMoved { position: Point { x: 463.0, y: 0.0 } } }
EVENT: Window { window_id: WindowId(1), event: CursorMoved { position: Point { x: 462.0, y: 0.0 } } }
error: process didn't exit successfully: `target\debug\examples\form_gui.exe` (exit code: 1)
